"Age_","Income","Experience","Married.Single","House_Ownership","Car_Ownership","CITY","STATE","CURRENT_JOB_YRS","CURRENT_HOUSE_YRS","Risk_Flag","Profession"
77,4758365,8,"married","rented","no","Bikaner","Rajasthan",8,11,0,"Software_Developer"
27,5270510,17,"single","rented","no","Karawal_Nagar","Delhi",4,11,0,"Software_Developer"
42,8915716,3,"single","rented","no","Aizawl","Mizoram",3,11,0,"Software_Developer"
27,1800877,10,"married","rented","yes","Narasaraopet","Andhra_Pradesh",5,13,0,"Software_Developer"
51,7600748,13,"single","rented","yes","Avadi","Tamil_Nadu",5,10,0,"Software_Developer"
44,66912,10,"married","rented","no","Jalandhar","Punjab",10,14,0,"Software_Developer"
30,9585622,15,"single","rented","no","Bidar","Karnataka",5,13,0,"Software_Developer"
71,1578598,11,"single","rented","no","Mau","Uttar_Pradesh",11,11,1,"Software_Developer"
19,5812529,2,"single","rented","yes","Tiruchirappalli[10]","Tamil_Nadu",2,11,0,"Software_Developer"
32,8458276,17,"single","rented","yes","Dharmavaram","Andhra_Pradesh",6,10,0,"Software_Developer"
39,7121677,16,"single","rented","no","Panvel","Maharashtra",7,10,0,"Software_Developer"
79,5812529,2,"single","rented","yes","Tiruchirappalli[10]","Tamil_Nadu",2,11,0,"Software_Developer"
51,4539410,5,"single","owned","no","Parbhani","Maharashtra",5,12,0,"Software_Developer"
53,4514928,20,"single","rented","yes","Bhubaneswar","Odisha",5,11,0,"Software_Developer"
50,6821441,13,"single","rented","no","Silchar","Assam",7,11,0,"Software_Developer"
48,3218946,0,"single","rented","no","Vijayanagaram","Andhra_Pradesh",0,11,1,"Software_Developer"
45,9103667,3,"married","owned","no","Howrah","West_Bengal",3,12,1,"Software_Developer"
46,6256451,2,"single","rented","yes","Bhubaneswar","Odisha",2,12,0,"Software_Developer"
20,5194869,15,"single","rented","no","Satara","Maharashtra",10,10,0,"Software_Developer"
52,3417564,18,"single","rented","no","Pimpri-Chinchwad","Maharashtra",10,14,0,"Software_Developer"
49,6284059,4,"single","norent_noown","no","Ulhasnagar","Maharashtra",4,11,0,"Software_Developer"
32,8064081,18,"single","rented","yes","Bhiwani","Haryana",9,14,0,"Software_Developer"
46,1053988,6,"single","owned","no","Nashik","Maharashtra",6,13,0,"Software_Developer"
43,1692995,8,"single","rented","no","Aurangabad[39]","Bihar",8,14,1,"Software_Developer"
46,9585622,15,"single","rented","no","Bidar","Karnataka",5,13,0,"Software_Developer"
22,9364159,6,"married","rented","no","Bhavnagar","Gujarat",4,11,0,"Software_Developer"
33,4535286,17,"single","rented","no","Surat","Gujarat",4,12,0,"Software_Developer"
45,8347246,17,"single","rented","no","Navi_Mumbai","Maharashtra",12,13,0,"Software_Developer"
65,6814983,18,"single","rented","no","Ballia","Uttar_Pradesh",14,11,0,"Software_Developer"
40,6646967,7,"single","rented","no","Gopalpur","West_Bengal",6,13,0,"Software_Developer"
58,2364798,5,"single","rented","no","Gudivada","Andhra_Pradesh",5,10,0,"Software_Developer"
56,1360053,9,"single","rented","no","Kharagpur","West_Bengal",4,11,0,"Software_Developer"
56,7845861,7,"single","rented","no","Siwan[32]","Bihar",4,10,0,"Software_Developer"
21,1399162,8,"single","rented","yes","Solapur","Maharashtra",8,10,0,"Software_Developer"
36,3527423,11,"married","rented","yes","Junagadh","Gujarat",5,13,0,"Software_Developer"
67,4994848,9,"single","rented","no","Durgapur","West_Bengal",9,13,0,"Software_Developer"
37,7845861,7,"single","rented","no","Siwan[32]","Bihar",4,10,0,"Software_Developer"
49,3802714,16,"single","rented","no","Madanapalle","Andhra_Pradesh",8,13,0,"Software_Developer"
71,9390552,7,"single","rented","yes","Orai","Uttar_Pradesh",7,12,0,"Software_Developer"
44,1796846,16,"single","rented","yes","Bidar","Karnataka",9,14,0,"Software_Developer"
74,7574516,10,"single","rented","no","Parbhani","Maharashtra",9,13,0,"Software_Developer"
55,3472864,10,"single","rented","yes","Jamnagar","Gujarat",5,13,0,"Software_Developer"
39,1796846,16,"single","rented","yes","Bidar","Karnataka",9,14,0,"Software_Developer"
58,6284059,4,"single","norent_noown","no","Ulhasnagar","Maharashtra",4,11,0,"Software_Developer"
55,9584354,17,"single","rented","yes","Morena","Madhya_Pradesh",12,13,1,"Software_Developer"
45,7040268,19,"single","rented","yes","Bhalswa_Jahangir_Pur","Delhi",11,13,0,"Software_Developer"
42,5812529,2,"single","rented","yes","Tiruchirappalli[10]","Tamil_Nadu",2,11,0,"Software_Developer"
31,5965136,15,"single","rented","no","Jamshedpur","Jharkhand",10,12,1,"Software_Developer"
48,8458276,17,"single","rented","yes","Dharmavaram","Andhra_Pradesh",6,10,0,"Software_Developer"
53,8145890,5,"single","rented","yes","Avadi","Tamil_Nadu",5,11,0,"Software_Developer"
74,423074,16,"single","rented","no","Nizamabad","Telangana",14,11,1,"Software_Developer"
61,5965136,15,"single","rented","no","Jamshedpur","Jharkhand",10,12,1,"Software_Developer"
80,9376698,2,"married","rented","no","Kharagpur","West_Bengal",2,14,0,"Software_Developer"
54,2577341,7,"single","rented","yes","Sirsa","Haryana",7,11,0,"Software_Developer"
50,7845861,7,"single","rented","no","Siwan[32]","Bihar",4,10,0,"Software_Developer"
34,3527423,11,"married","rented","yes","Junagadh","Gujarat",5,13,0,"Software_Developer"
28,6530277,5,"single","rented","no","Srikakulam","Andhra_Pradesh",5,13,0,"Software_Developer"
52,9364159,6,"married","rented","no","Bhavnagar","Gujarat",4,11,0,"Software_Developer"
42,4792641,15,"single","rented","yes","Kakinada","Andhra_Pradesh",13,10,0,"Software_Developer"
24,191452,1,"single","owned","yes","Tinsukia","Assam",1,12,0,"Software_Developer"
32,1692995,8,"single","rented","no","Aurangabad[39]","Bihar",8,14,0,"Software_Developer"
44,8915716,3,"single","rented","no","Aizawl","Mizoram",3,11,0,"Software_Developer"
62,9584354,17,"single","rented","yes","Morena","Madhya_Pradesh",12,13,0,"Software_Developer"
57,4994848,9,"single","rented","no","Durgapur","West_Bengal",9,13,0,"Software_Developer"
21,6814983,18,"single","rented","no","Ballia","Uttar_Pradesh",14,11,0,"Software_Developer"
20,5798034,19,"single","norent_noown","no","Motihari[34]","Bihar",3,12,0,"Software_Developer"
32,6530277,5,"single","rented","no","Srikakulam","Andhra_Pradesh",5,13,0,"Software_Developer"
34,1040029,5,"single","rented","yes","Aizawl","Mizoram",5,10,0,"Software_Developer"
57,5734542,12,"single","rented","no","Unnao","Uttar_Pradesh",5,13,0,"Software_Developer"
44,7489827,13,"single","rented","no","Hubliâ€“Dharwad","Karnataka",11,10,0,"Software_Developer"
32,5798034,19,"single","norent_noown","no","Motihari[34]","Bihar",3,12,0,"Software_Developer"
33,1692995,8,"single","rented","no","Aurangabad[39]","Bihar",8,14,0,"Software_Developer"
41,2162632,7,"single","rented","yes","Bellary","Karnataka",7,10,0,"Software_Developer"
56,9899664,5,"single","rented","no","Bidhannagar","West_Bengal",5,10,0,"Software_Developer"
22,3364364,10,"single","rented","no","Kumbakonam","Tamil_Nadu",4,11,0,"Software_Developer"
45,7489827,13,"single","rented","no","Hubliâ€“Dharwad","Karnataka",11,10,0,"Software_Developer"
49,897017,0,"single","rented","yes","Vadodara","Gujarat",0,13,0,"Software_Developer"
35,4913009,20,"single","rented","yes","Rajahmundry[19][20]","Andhra_Pradesh",4,12,0,"Software_Developer"
62,3218946,0,"single","rented","no","Vijayanagaram","Andhra_Pradesh",0,11,0,"Software_Developer"
85,3584197,11,"single","rented","no","Srikakulam","Andhra_Pradesh",11,10,0,"Software_Developer"
38,9390552,7,"single","rented","yes","Orai","Uttar_Pradesh",7,12,0,"Software_Developer"
46,6821441,13,"single","rented","no","Silchar","Assam",7,11,0,"Software_Developer"
83,1955424,7,"single","rented","no","Farrukhabad","Uttar_Pradesh",6,10,0,"Software_Developer"
51,4994848,9,"single","rented","no","Durgapur","West_Bengal",9,13,0,"Software_Developer"
21,6619884,17,"single","rented","no","Amaravati","Andhra_Pradesh",12,10,0,"Software_Developer"
76,8806392,5,"married","rented","no","Giridih","Jharkhand",5,13,0,"Software_Developer"
50,4994848,9,"single","rented","no","Durgapur","West_Bengal",9,13,0,"Software_Developer"
37,6814983,18,"single","rented","no","Ballia","Uttar_Pradesh",14,11,0,"Software_Developer"
53,5400619,1,"single","rented","no","Allahabad","Uttar_Pradesh[5]",1,12,0,"Software_Developer"
29,9850294,17,"single","rented","no","Thanjavur","Tamil_Nadu",5,12,0,"Software_Developer"
45,8280318,5,"single","rented","no","South_Dumdum","West_Bengal",5,11,0,"Software_Developer"
62,3527423,11,"married","rented","yes","Junagadh","Gujarat",5,13,0,"Software_Developer"
61,7121677,16,"single","rented","no","Panvel","Maharashtra",7,10,0,"Software_Developer"
49,9376698,2,"married","rented","no","Kharagpur","West_Bengal",2,14,0,"Software_Developer"
65,1230362,7,"single","rented","no","Haridwar","Uttarakhand",7,10,0,"Software_Developer"
49,5821445,15,"single","rented","no","Tezpur","Assam",13,12,0,"Software_Developer"
58,423074,16,"single","rented","no","Nizamabad","Telangana",14,11,0,"Software_Developer"
66,1800877,10,"married","rented","yes","Narasaraopet","Andhra_Pradesh",5,13,0,"Software_Developer"
54,5400619,1,"single","rented","no","Allahabad","Uttar_Pradesh[5]",1,12,0,"Software_Developer"
42,5734542,12,"single","rented","no","Unnao","Uttar_Pradesh",5,13,0,"Software_Developer"
38,726110,18,"single","norent_noown","yes","Medininagar","Jharkhand",10,13,0,"Software_Developer"
45,6821441,13,"single","rented","no","Silchar","Assam",7,11,0,"Software_Developer"
45,3364364,10,"single","rented","no","Kumbakonam","Tamil_Nadu",4,11,0,"Software_Developer"
8,8064081,18,"single","rented","yes","Bhiwani","Haryana",9,14,0,"Software_Developer"
56,3268962,18,"single","rented","no","Mehsana","Gujarat",11,13,0,"Software_Developer"
74,5734542,12,"single","rented","no","Unnao","Uttar_Pradesh",5,13,0,"Software_Developer"
49,8347246,17,"single","rented","no","Navi_Mumbai","Maharashtra",12,13,0,"Software_Developer"
54,6256451,2,"single","rented","yes","Bhubaneswar","Odisha",2,12,1,"Software_Developer"
40,5554586,18,"single","rented","no","Hindupur","Andhra_Pradesh",13,13,1,"Software_Developer"
29,9364159,6,"married","rented","no","Bhavnagar","Gujarat",4,11,0,"Software_Developer"
35,5734106,3,"single","rented","no","Nandyal","Andhra_Pradesh",3,11,0,"Software_Developer"
53,5798034,19,"single","norent_noown","no","Motihari[34]","Bihar",3,12,0,"Software_Developer"
81,469269,7,"single","rented","no","Nashik","Maharashtra",3,12,1,"Software_Developer"
16,8311313,8,"single","rented","no","Giridih","Jharkhand",8,12,0,"Software_Developer"
35,3291384,4,"single","rented","no","Nandyal","Andhra_Pradesh",4,12,0,"Software_Developer"
52,3478269,2,"single","rented","no","Gopalpur","West_Bengal",2,13,0,"Software_Developer"
43,7537350,12,"single","rented","yes","Karawal_Nagar","Delhi",11,13,0,"Software_Developer"
63,6814983,18,"single","rented","no","Ballia","Uttar_Pradesh",14,11,0,"Software_Developer"
50,1692995,8,"single","rented","no","Aurangabad[39]","Bihar",8,14,0,"Software_Developer"
64,5821445,15,"single","rented","no","Tezpur","Assam",13,12,0,"Software_Developer"
22,3364364,10,"single","rented","no","Kumbakonam","Tamil_Nadu",4,11,0,"Software_Developer"
34,8347246,17,"single","rented","no","Navi_Mumbai","Maharashtra",12,13,0,"Software_Developer"
43,7489827,13,"single","rented","no","Hubliâ€“Dharwad","Karnataka",11,10,0,"Software_Developer"
17,3268962,18,"single","rented","no","Mehsana","Gujarat",11,13,0,"Software_Developer"
50,9376698,2,"married","rented","no","Kharagpur","West_Bengal",2,14,0,"Software_Developer"
37,4164155,2,"single","norent_noown","no","Bhopal","Madhya_Pradesh",2,13,0,"Software_Developer"
16,8311313,8,"single","rented","no","Giridih","Jharkhand",8,12,0,"Software_Developer"
67,7574516,10,"single","rented","no","Parbhani","Maharashtra",9,13,0,"Software_Developer"
15,9364159,6,"married","rented","no","Bhavnagar","Gujarat",4,11,0,"Software_Developer"
33,9899664,5,"single","rented","no","Bidhannagar","West_Bengal",5,10,0,"Software_Developer"
25,4514928,20,"single","rented","yes","Bhubaneswar","Odisha",5,11,0,"Software_Developer"
52,8354402,4,"single","rented","no","Avadi","Tamil_Nadu",4,12,0,"Software_Developer"
57,1796846,16,"single","rented","yes","Bidar","Karnataka",9,14,0,"Software_Developer"
63,8458276,17,"single","rented","yes","Dharmavaram","Andhra_Pradesh",6,10,0,"Software_Developer"
48,4428363,11,"single","rented","no","Nagaon","Assam",11,10,1,"Software_Developer"
23,3802714,16,"single","rented","no","Madanapalle","Andhra_Pradesh",8,13,1,"Software_Developer"
44,9299586,5,"single","rented","yes","Solapur","Maharashtra",3,13,0,"Software_Developer"
100,3472864,10,"single","rented","yes","Jamnagar","Gujarat",5,13,0,"Software_Developer"
40,2663598,15,"single","rented","no","Rajahmundry[19][20]","Andhra_Pradesh",11,12,0,"Software_Developer"
23,7845861,7,"single","rented","no","Siwan[32]","Bihar",4,10,0,"Software_Developer"
27,8064081,18,"single","rented","yes","Bhiwani","Haryana",9,14,0,"Software_Developer"
44,3850382,17,"single","rented","yes","Rewa","Madhya_Pradesh",3,12,0,"Software_Developer"
37,3315074,14,"single","rented","no","Thoothukudi","Tamil_Nadu",8,13,0,"Software_Developer"
45,6986888,19,"single","rented","no","Sri_Ganganagar","Rajasthan",13,14,0,"Software_Developer"
37,4927479,12,"single","rented","no","Lucknow","Uttar_Pradesh",12,13,1,"Software_Developer"
20,6655487,20,"married","rented","no","Rourkela","Odisha",7,11,0,"Software_Developer"
30,8976479,16,"single","rented","no","Howrah","West_Bengal",6,12,0,"Software_Developer"
-6,4805637,9,"single","owned","no","Yamunanagar","Haryana",9,10,0,"Software_Developer"
70,1680989,3,"single","rented","no","Nagaon","Assam",3,13,0,"Software_Developer"
64,580349,6,"single","rented","no","Gandhidham","Gujarat",6,13,0,"Software_Developer"
51,2210414,12,"single","rented","yes","Jalna","Maharashtra",12,10,0,"Software_Developer"
87,4127283,2,"single","owned","yes","Naihati","West_Bengal",2,14,0,"Software_Developer"
46,4201566,7,"single","rented","no","Jabalpur","Madhya_Pradesh",7,12,1,"Software_Developer"
67,9798729,19,"single","rented","yes","Guwahati","Assam",6,12,0,"Software_Developer"
54,6935072,9,"single","rented","no","North_Dumdum","West_Bengal",9,12,1,"Software_Developer"
64,8708356,9,"single","rented","no","Chandigarh_city","Chandigarh",8,10,0,"Software_Developer"
38,4156523,5,"single","owned","no","Bhubaneswar","Odisha",4,10,1,"Software_Developer"
56,5623733,13,"single","rented","no","Nandyal","Andhra_Pradesh",4,10,0,"Software_Developer"
46,4172308,18,"single","rented","no","Pune","Maharashtra",7,11,0,"Software_Developer"
47,7451182,1,"single","rented","no","Dindigul","Tamil_Nadu",1,14,0,"Software_Developer"
53,6844221,7,"single","norent_noown","yes","Coimbatore","Tamil_Nadu",7,14,0,"Software_Developer"
32,3889108,2,"single","rented","yes","Ambarnath","Maharashtra",2,13,0,"Software_Developer"
59,7398391,8,"single","rented","yes","Tiruvottiyur","Tamil_Nadu",8,12,0,"Software_Developer"
27,808476,1,"single","rented","no","Deoghar","Jharkhand",1,13,0,"Biomedical_Engineer"
52,9775983,6,"single","rented","no","Ranchi","Jharkhand",6,12,1,"Biomedical_Engineer"
34,7867670,19,"single","rented","no","Bhavnagar","Gujarat",12,13,0,"Biomedical_Engineer"
52,103611,16,"married","rented","no","Aligarh","Uttar_Pradesh",10,14,0,"Biomedical_Engineer"
60,1966474,16,"single","rented","yes","Visakhapatnam[4]","Andhra_Pradesh",4,10,0,"Biomedical_Engineer"
57,4655230,4,"single","rented","yes","Panihati","West_Bengal",4,10,0,"Biomedical_Engineer"
22,1161425,14,"single","rented","no","Bongaigaon","Assam",13,13,0,"Biomedical_Engineer"
38,987476,17,"single","rented","yes","Khora,_Ghaziabad","Uttar_Pradesh",14,12,0,"Biomedical_Engineer"
57,6428225,20,"single","rented","no","Mango","Jharkhand",7,14,0,"Biomedical_Engineer"
63,5559747,9,"single","rented","yes","Dharmavaram","Andhra_Pradesh",9,10,0,"Biomedical_Engineer"
51,3013661,3,"single","owned","no","Kirari_Suleman_Nagar","Delhi",3,14,0,"Biomedical_Engineer"
35,7084312,19,"single","rented","no","Raebareli","Uttar_Pradesh",4,14,0,"Biomedical_Engineer"
29,7527288,10,"single","rented","no","Muzaffarpur","Bihar",5,11,0,"Biomedical_Engineer"
54,5943449,3,"single","rented","no","Warangal[11][12]","Telangana",3,11,0,"Biomedical_Engineer"
47,267827,10,"single","rented","yes","Kumbakonam","Tamil_Nadu",3,10,0,"Biomedical_Engineer"
47,3643652,2,"single","rented","no","Baranagar","West_Bengal",2,10,1,"Biomedical_Engineer"
72,8719218,9,"single","rented","no","Mysore[7][8][9]","Karnataka",9,11,0,"Biomedical_Engineer"
17,7839236,7,"single","rented","no","Amravati","Maharashtra",7,14,1,"Biomedical_Engineer"
19,9131115,4,"single","rented","no","Panvel","Maharashtra",4,10,0,"Biomedical_Engineer"
28,6679057,5,"single","rented","yes","Katni","Madhya_Pradesh",5,13,0,"Biomedical_Engineer"
39,7138986,17,"single","owned","yes","Burhanpur","Madhya_Pradesh",14,13,0,"Biomedical_Engineer"
59,642884,18,"single","rented","no","Thane","Maharashtra",4,12,0,"Biomedical_Engineer"
59,8688804,12,"single","rented","no","Baranagar","West_Bengal",7,11,0,"Biomedical_Engineer"
67,4306831,17,"single","rented","no","Katihar","Bihar",6,12,0,"Biomedical_Engineer"
57,706221,9,"single","rented","no","Erode[17]","Tamil_Nadu",9,13,0,"Biomedical_Engineer"
53,8939486,8,"single","rented","yes","Durg","Chhattisgarh",8,14,0,"Biomedical_Engineer"
45,5295940,20,"single","rented","no","Shivpuri","Madhya_Pradesh",4,14,0,"Biomedical_Engineer"
47,6460510,17,"married","rented","no","Siliguri","West_Bengal",12,14,0,"Biomedical_Engineer"
38,8832725,5,"single","rented","no","Pondicherry","Puducherry",5,11,0,"Biomedical_Engineer"
70,4593497,15,"married","rented","no","Begusarai","Bihar",8,14,0,"Biomedical_Engineer"
67,5010356,8,"single","rented","no","Ajmer","Rajasthan",8,14,0,"Biomedical_Engineer"
77,4400405,17,"single","rented","yes","Dharmavaram","Andhra_Pradesh",8,12,0,"Biomedical_Engineer"
31,4245860,3,"single","rented","no","Pimpri-Chinchwad","Maharashtra",3,11,0,"Biomedical_Engineer"
49,5993219,17,"single","rented","yes","Nagaon","Assam",4,12,0,"Biomedical_Engineer"
68,8508480,0,"single","rented","no","Kulti","West_Bengal",0,10,0,"Biomedical_Engineer"
44,5295940,20,"single","rented","no","Shivpuri","Madhya_Pradesh",4,14,0,"Biomedical_Engineer"
60,4407294,20,"single","rented","no","Surat","Gujarat",7,12,0,"Biomedical_Engineer"
56,422892,7,"single","rented","yes","Satara","Maharashtra",7,10,0,"Biomedical_Engineer"
36,974748,6,"single","rented","no","Nagpur","Maharashtra",6,11,0,"Biomedical_Engineer"
30,2829146,7,"single","rented","yes","Darbhanga","Bihar",4,14,0,"Biomedical_Engineer"
34,1537256,5,"single","rented","yes","Bathinda","Punjab",5,14,1,"Biomedical_Engineer"
69,8688804,12,"single","rented","no","Baranagar","West_Bengal",7,11,0,"Biomedical_Engineer"
37,1509327,0,"married","rented","yes","Nizamabad","Telangana",0,11,0,"Biomedical_Engineer"
31,3342118,9,"single","rented","no","Haridwar","Uttarakhand",6,11,0,"Biomedical_Engineer"
77,6428225,20,"single","rented","no","Mango","Jharkhand",7,14,0,"Biomedical_Engineer"
38,9131115,4,"single","rented","no","Panvel","Maharashtra",4,10,0,"Biomedical_Engineer"
81,1810939,15,"single","rented","no","Adoni","Andhra_Pradesh",4,13,0,"Biomedical_Engineer"
68,5765297,18,"single","rented","yes","Ajmer","Rajasthan",5,10,0,"Biomedical_Engineer"
47,2280615,1,"single","norent_noown","no","Visakhapatnam[4]","Andhra_Pradesh",1,14,1,"Biomedical_Engineer"
45,1810939,15,"single","rented","no","Adoni","Andhra_Pradesh",4,13,0,"Biomedical_Engineer"
45,3891771,9,"single","rented","yes","Tiruvottiyur","Tamil_Nadu",8,10,0,"Biomedical_Engineer"
71,7867670,19,"single","rented","no","Bhavnagar","Gujarat",12,13,0,"Biomedical_Engineer"
58,4388062,2,"single","rented","no","Dindigul","Tamil_Nadu",2,10,1,"Biomedical_Engineer"
56,5993219,17,"single","rented","yes","Nagaon","Assam",4,12,0,"Biomedical_Engineer"
44,1192674,13,"single","rented","no","Howrah","West_Bengal",8,14,0,"Biomedical_Engineer"
23,987476,17,"single","rented","yes","Khora,_Ghaziabad","Uttar_Pradesh",14,12,0,"Biomedical_Engineer"
25,9204815,2,"single","rented","yes","Meerut","Uttar_Pradesh",2,10,0,"Biomedical_Engineer"
38,6094810,17,"single","owned","no","Machilipatnam","Andhra_Pradesh",10,13,0,"Biomedical_Engineer"
72,2131115,19,"single","rented","yes","Alwar","Rajasthan",14,13,0,"Biomedical_Engineer"
37,5829652,7,"single","owned","no","Chandigarh_city","Chandigarh",7,11,0,"Biomedical_Engineer"
51,3540135,4,"single","rented","no","Howrah","West_Bengal",4,11,0,"Biomedical_Engineer"
38,3657551,7,"single","rented","no","Thiruvananthapuram","Kerala",7,10,0,"Biomedical_Engineer"
56,9434255,12,"single","rented","no","Vijayawada","Andhra_Pradesh",12,12,0,"Biomedical_Engineer"
43,974748,6,"single","rented","no","Nagpur","Maharashtra",6,11,0,"Biomedical_Engineer"
33,8426506,1,"single","rented","yes","Katni","Madhya_Pradesh",1,12,0,"Biomedical_Engineer"
27,6967997,5,"single","rented","yes","Belgaum","Karnataka",4,14,0,"Biomedical_Engineer"
56,1410169,17,"single","rented","no","Ludhiana","Punjab",5,13,0,"Biomedical_Engineer"
47,2936833,9,"single","rented","yes","Haldia","West_Bengal",9,13,0,"Biomedical_Engineer"
99,1509327,0,"married","rented","yes","Nizamabad","Telangana",0,11,0,"Biomedical_Engineer"
11,8007036,14,"single","owned","no","Kirari_Suleman_Nagar","Delhi",4,13,0,"Biomedical_Engineer"
40,7527288,10,"single","rented","no","Muzaffarpur","Bihar",5,11,0,"Biomedical_Engineer"
65,8755938,20,"single","rented","yes","Delhi_city","Delhi",14,13,0,"Biomedical_Engineer"
38,8007036,14,"single","owned","no","Kirari_Suleman_Nagar","Delhi",4,13,0,"Biomedical_Engineer"
84,4937591,2,"single","rented","no","Buxar[37]","Bihar",2,13,1,"Biomedical_Engineer"
33,9204815,2,"single","rented","yes","Meerut","Uttar_Pradesh",2,10,0,"Biomedical_Engineer"
60,8688804,12,"single","rented","no","Baranagar","West_Bengal",7,11,0,"Biomedical_Engineer"
31,5765297,18,"single","rented","yes","Ajmer","Rajasthan",5,10,0,"Biomedical_Engineer"
26,2584624,14,"single","rented","no","Kota[6]","Rajasthan",8,12,0,"Biomedical_Engineer"
32,7084312,19,"single","rented","no","Raebareli","Uttar_Pradesh",4,14,0,"Biomedical_Engineer"
43,3791460,15,"single","rented","no","Bahraich","Uttar_Pradesh",7,14,0,"Biomedical_Engineer"
62,8596569,0,"single","rented","no","Vijayanagaram","Andhra_Pradesh",0,13,1,"Biomedical_Engineer"
28,8508480,0,"single","rented","no","Kulti","West_Bengal",0,10,0,"Biomedical_Engineer"
50,3891771,9,"single","rented","yes","Tiruvottiyur","Tamil_Nadu",8,10,0,"Biomedical_Engineer"
49,117262,15,"single","rented","no","Uluberia","West_Bengal",12,12,0,"Biomedical_Engineer"
74,1410169,17,"single","rented","no","Ludhiana","Punjab",5,13,0,"Biomedical_Engineer"
59,6307225,11,"single","rented","yes","Bhagalpur","Bihar",8,12,0,"Biomedical_Engineer"
49,7072319,3,"single","rented","no","Suryapet","Telangana",3,11,0,"Biomedical_Engineer"
42,2829146,7,"single","rented","yes","Darbhanga","Bihar",4,14,0,"Biomedical_Engineer"
58,3540135,4,"single","rented","no","Howrah","West_Bengal",4,11,0,"Biomedical_Engineer"
16,9434255,12,"single","rented","no","Vijayawada","Andhra_Pradesh",12,12,0,"Biomedical_Engineer"
31,9775983,6,"single","rented","no","Ranchi","Jharkhand",6,12,0,"Biomedical_Engineer"
40,8596569,0,"single","rented","no","Vijayanagaram","Andhra_Pradesh",0,13,1,"Biomedical_Engineer"
64,5295940,20,"single","rented","no","Shivpuri","Madhya_Pradesh",4,14,0,"Biomedical_Engineer"
19,6623565,16,"single","rented","no","Bhind","Madhya_Pradesh",5,13,0,"Biomedical_Engineer"
35,5295940,20,"single","rented","no","Shivpuri","Madhya_Pradesh",4,14,0,"Biomedical_Engineer"
43,987476,17,"single","rented","yes","Khora,_Ghaziabad","Uttar_Pradesh",14,12,0,"Biomedical_Engineer"
42,2860021,17,"single","norent_noown","no","Jhansi","Uttar_Pradesh",11,13,0,"Biomedical_Engineer"
68,6428225,20,"single","rented","no","Mango","Jharkhand",7,14,0,"Biomedical_Engineer"
57,7072319,3,"single","rented","no","Suryapet","Telangana",3,11,0,"Biomedical_Engineer"
63,7867670,19,"single","rented","no","Bhavnagar","Gujarat",12,13,0,"Biomedical_Engineer"
25,622487,10,"single","rented","no","Durg","Chhattisgarh",10,10,0,"Biomedical_Engineer"
52,8007036,14,"single","owned","no","Kirari_Suleman_Nagar","Delhi",4,13,0,"Biomedical_Engineer"
38,6428225,20,"single","rented","no","Mango","Jharkhand",7,14,0,"Biomedical_Engineer"
36,9131115,4,"single","rented","no","Panvel","Maharashtra",4,10,0,"Biomedical_Engineer"
74,2936833,9,"single","rented","yes","Haldia","West_Bengal",9,13,1,"Biomedical_Engineer"
31,4510338,17,"single","rented","no","Hospet","Karnataka",5,10,1,"Biomedical_Engineer"
43,5295940,20,"single","rented","no","Shivpuri","Madhya_Pradesh",4,14,0,"Biomedical_Engineer"
33,2131115,19,"single","rented","yes","Alwar","Rajasthan",14,13,0,"Biomedical_Engineer"
49,9204815,2,"single","rented","yes","Meerut","Uttar_Pradesh",2,10,0,"Biomedical_Engineer"
76,5010356,8,"single","rented","no","Ajmer","Rajasthan",8,14,0,"Biomedical_Engineer"
35,8939486,8,"single","rented","yes","Durg","Chhattisgarh",8,14,0,"Biomedical_Engineer"
36,6307225,11,"single","rented","yes","Bhagalpur","Bihar",8,12,0,"Biomedical_Engineer"
11,3657551,7,"single","rented","no","Thiruvananthapuram","Kerala",7,10,0,"Biomedical_Engineer"
54,8939486,8,"single","rented","yes","Durg","Chhattisgarh",8,14,0,"Biomedical_Engineer"
42,7212880,17,"single","rented","no","Guna","Madhya_Pradesh",13,12,1,"Biomedical_Engineer"
71,2280615,1,"single","norent_noown","no","Visakhapatnam[4]","Andhra_Pradesh",1,14,0,"Biomedical_Engineer"
55,9841721,19,"single","rented","no","Bongaigaon","Assam",9,12,0,"Biomedical_Engineer"
32,974748,6,"single","rented","no","Nagpur","Maharashtra",6,11,1,"Biomedical_Engineer"
60,5069235,10,"single","rented","yes","Jalna","Maharashtra",9,14,0,"Biomedical_Engineer"
35,4245860,3,"single","rented","no","Pimpri-Chinchwad","Maharashtra",3,11,0,"Biomedical_Engineer"
47,2703393,17,"single","norent_noown","no","Agartala","Tripura",13,13,0,"Biomedical_Engineer"
37,4664922,12,"single","rented","no","Shahjahanpur","Uttar_Pradesh",12,14,0,"Biomedical_Engineer"
47,9204815,2,"single","rented","yes","Meerut","Uttar_Pradesh",2,10,0,"Biomedical_Engineer"
15,6645586,4,"married","rented","no","Rewa","Madhya_Pradesh",4,13,0,"Biomedical_Engineer"
31,8772836,1,"single","rented","yes","Dhanbad","Jharkhand",1,12,0,"Biomedical_Engineer"
40,6433471,10,"single","rented","no","Karimnagar","Telangana",10,12,1,"Biomedical_Engineer"
53,3769584,13,"married","rented","no","Hospet","Karnataka",3,11,0,"Biomedical_Engineer"
50,2189906,9,"single","rented","yes","Fatehpur","Uttar_Pradesh",9,11,0,"Biomedical_Engineer"
49,2744521,12,"single","rented","no","Davanagere","Karnataka",12,10,1,"Biomedical_Engineer"
35,5688579,17,"single","rented","yes","Kirari_Suleman_Nagar","Delhi",9,14,0,"Biomedical_Engineer"
54,7057302,10,"single","rented","yes","Pallavaram","Tamil_Nadu",10,11,0,"Biomedical_Engineer"
34,9987812,14,"single","rented","yes","Bokaro","Jharkhand",9,13,1,"Biomedical_Engineer"
48,1975283,0,"single","rented","no","Nangloi_Jat","Delhi",0,14,1,"Biomedical_Engineer"
60,324962,19,"single","rented","no","Nagercoil","Tamil_Nadu",9,13,1,"Biomedical_Engineer"
35,8356588,20,"single","norent_noown","no","Alappuzha","Kerala",11,10,1,"Biomedical_Engineer"
50,8663736,4,"single","rented","yes","Gorakhpur","Uttar_Pradesh",4,13,0,"Biomedical_Engineer"
42,1918775,1,"single","rented","yes","Thoothukudi","Tamil_Nadu",1,11,0,"Biomedical_Engineer"
22,8795073,4,"single","rented","yes","Srinagar","Jammu_and_Kashmir",4,14,0,"Biomedical_Engineer"
54,9014355,16,"single","rented","yes","Kulti","West_Bengal",3,11,1,"Biomedical_Engineer"
67,2381810,17,"single","rented","yes","Kottayam","Kerala",7,10,0,"Biomedical_Engineer"
37,342792,5,"single","rented","no","Kozhikode","Kerala",5,11,0,"Biomedical_Engineer"
46,4490157,0,"single","rented","no","Naihati","West_Bengal",0,10,0,"Biomedical_Engineer"
78,6975819,13,"single","rented","yes","Jamalpur[36]","Bihar",9,13,0,"Biomedical_Engineer"
30,7853766,14,"single","rented","no","Bhubaneswar","Odisha",8,13,0,"Biomedical_Engineer"
38,3241650,12,"single","rented","no","Tirunelveli","Tamil_Nadu",9,11,0,"Biomedical_Engineer"
41,5785443,3,"single","rented","yes","Saharanpur","Uttar_Pradesh",3,12,0,"Biomedical_Engineer"
37,3803041,18,"single","rented","no","Kulti","West_Bengal",4,14,0,"Biomedical_Engineer"
75,7110369,7,"single","rented","yes","Mangalore","Karnataka",3,11,0,"Computer_hardware_engineer"
62,2615443,11,"single","rented","yes","Loni","Uttar_Pradesh",11,12,0,"Computer_hardware_engineer"
78,3423478,9,"single","rented","no","Suryapet","Telangana",4,10,1,"Computer_hardware_engineer"
16,8782393,17,"single","rented","yes","Tadipatri","Andhra_Pradesh",13,11,0,"Computer_hardware_engineer"
58,3440491,3,"single","rented","no","Jalgaon","Maharashtra",3,12,1,"Computer_hardware_engineer"
34,4658830,11,"single","rented","yes","Amroha","Uttar_Pradesh",8,10,0,"Computer_hardware_engineer"
39,1695876,6,"single","rented","yes","Bhalswa_Jahangir_Pur","Delhi",6,13,0,"Computer_hardware_engineer"
53,8529345,2,"single","rented","no","Narasaraopet","Andhra_Pradesh",2,10,0,"Computer_hardware_engineer"
6,5666785,7,"single","rented","no","Aurangabad","Maharashtra",7,12,0,"Computer_hardware_engineer"
46,4128828,10,"single","rented","no","Khammam","Telangana",10,12,0,"Computer_hardware_engineer"
62,3440491,3,"single","rented","no","Jalgaon","Maharashtra",3,12,1,"Computer_hardware_engineer"
30,7127792,8,"single","norent_noown","no","Yamunanagar","Haryana",8,13,0,"Computer_hardware_engineer"
30,2709078,4,"single","rented","no","Kozhikode","Kerala",4,12,0,"Computer_hardware_engineer"
55,8769550,13,"single","rented","no","Ghaziabad","Uttar_Pradesh",9,10,1,"Computer_hardware_engineer"
40,1171826,8,"single","rented","no","Salem","Tamil_Nadu",8,11,0,"Computer_hardware_engineer"
56,3022992,5,"single","rented","no","Mirzapur","Uttar_Pradesh",5,14,0,"Computer_hardware_engineer"
40,7332190,18,"single","rented","yes","Shivpuri","Madhya_Pradesh",10,13,0,"Computer_hardware_engineer"
44,7127792,8,"single","norent_noown","no","Yamunanagar","Haryana",8,13,0,"Computer_hardware_engineer"
22,3203489,3,"single","rented","yes","Salem","Tamil_Nadu",3,10,0,"Computer_hardware_engineer"
41,3248934,10,"single","rented","no","Kolkata","West_Bengal",10,12,0,"Computer_hardware_engineer"
29,452661,17,"married","rented","no","Farrukhabad","Uttar_Pradesh",14,10,0,"Computer_hardware_engineer"
39,110031,4,"single","rented","no","Asansol","West_Bengal",4,13,0,"Computer_hardware_engineer"
80,4398916,6,"single","rented","yes","Bhavnagar","Gujarat",4,11,0,"Computer_hardware_engineer"
55,7946836,16,"single","rented","no","Pudukkottai","Tamil_Nadu",12,12,0,"Computer_hardware_engineer"
58,9437993,11,"single","owned","no","Firozabad","Uttar_Pradesh",11,14,0,"Computer_hardware_engineer"
74,8782393,17,"single","rented","yes","Tadipatri","Andhra_Pradesh",13,11,0,"Computer_hardware_engineer"
58,2615443,11,"single","rented","yes","Loni","Uttar_Pradesh",11,12,0,"Computer_hardware_engineer"
24,2153305,11,"single","rented","yes","Shimla","Himachal_Pradesh",11,14,0,"Computer_hardware_engineer"
38,2711008,1,"single","norent_noown","no","Muzaffarpur","Bihar",1,12,0,"Computer_hardware_engineer"
21,3831317,6,"single","rented","no","Jaunpur","Uttar_Pradesh",6,13,0,"Computer_hardware_engineer"
46,8416838,16,"single","rented","yes","Kalyan-Dombivli","Maharashtra",9,11,0,"Computer_hardware_engineer"
61,9437993,11,"single","owned","no","Firozabad","Uttar_Pradesh",11,14,0,"Computer_hardware_engineer"
37,1868963,16,"single","rented","yes","Khora,_Ghaziabad","Uttar_Pradesh",7,12,0,"Computer_hardware_engineer"
52,5844230,9,"single","rented","no","Ajmer","Rajasthan",9,13,0,"Computer_hardware_engineer"
88,2711008,1,"single","norent_noown","no","Muzaffarpur","Bihar",1,12,0,"Computer_hardware_engineer"
37,5739138,3,"single","rented","no","Bhatpara","West_Bengal",3,12,0,"Computer_hardware_engineer"
39,2757339,11,"single","rented","no","Rajkot","Gujarat",6,11,0,"Computer_hardware_engineer"
35,1598380,1,"single","rented","yes","Jalandhar","Punjab",1,11,0,"Computer_hardware_engineer"
19,8671871,1,"single","rented","no","Phusro","Jharkhand",1,11,0,"Computer_hardware_engineer"
37,8953899,17,"single","rented","no","Jorhat","Assam",7,11,0,"Computer_hardware_engineer"
52,3376799,6,"single","rented","no","Moradabad","Uttar_Pradesh",6,13,0,"Computer_hardware_engineer"
12,2709078,4,"single","rented","no","Kozhikode","Kerala",4,12,0,"Computer_hardware_engineer"
69,4011175,5,"single","rented","yes","Kurnool[18]","Andhra_Pradesh",5,13,0,"Computer_hardware_engineer"
36,7123769,15,"single","owned","no","Asansol","West_Bengal",9,12,0,"Computer_hardware_engineer"
39,1695876,6,"single","rented","yes","Bhalswa_Jahangir_Pur","Delhi",6,13,0,"Computer_hardware_engineer"
36,1868963,16,"single","rented","yes","Khora,_Ghaziabad","Uttar_Pradesh",7,12,0,"Computer_hardware_engineer"
32,9266153,14,"single","rented","no","Dhule","Maharashtra",9,11,0,"Computer_hardware_engineer"
62,1303616,3,"single","rented","no","Raipur","Chhattisgarh",3,13,0,"Computer_hardware_engineer"
28,3422262,8,"single","rented","yes","Moradabad","Uttar_Pradesh",8,12,0,"Computer_hardware_engineer"
47,5323346,12,"single","rented","no","Kolkata","West_Bengal",4,14,0,"Computer_hardware_engineer"
56,6598797,18,"married","rented","no","Gandhinagar","Gujarat",4,11,0,"Computer_hardware_engineer"
43,9849636,20,"single","rented","yes","Sambalpur","Odisha",13,11,0,"Computer_hardware_engineer"
106,5666785,7,"single","rented","no","Aurangabad","Maharashtra",7,12,0,"Computer_hardware_engineer"
70,9422148,16,"single","rented","yes","Singrauli","Madhya_Pradesh",12,12,0,"Computer_hardware_engineer"
21,5682236,14,"single","owned","yes","Jamshedpur","Jharkhand",6,11,0,"Computer_hardware_engineer"
79,2544949,15,"single","rented","no","Amravati","Maharashtra",10,13,0,"Computer_hardware_engineer"
50,4254644,12,"single","rented","no","Hyderabad","Telangana",7,13,0,"Computer_hardware_engineer"
22,3685843,15,"single","norent_noown","no","Bareilly","Uttar_Pradesh",8,13,0,"Computer_hardware_engineer"
38,2757339,11,"single","rented","no","Rajkot","Gujarat",6,11,0,"Computer_hardware_engineer"
67,7956376,1,"single","rented","no","Kulti","West_Bengal",1,11,0,"Computer_hardware_engineer"
49,5628436,13,"single","rented","no","Danapur","Bihar",10,10,1,"Computer_hardware_engineer"
20,7552384,17,"married","rented","no","Khora,_Ghaziabad","Uttar_Pradesh",4,12,0,"Computer_hardware_engineer"
16,5885687,20,"single","rented","no","Silchar","Assam",3,13,0,"Computer_hardware_engineer"
65,7429005,2,"married","rented","no","Gandhidham","Gujarat",2,13,1,"Computer_hardware_engineer"
51,2240686,1,"single","rented","no","Dharmavaram","Andhra_Pradesh",1,13,0,"Computer_hardware_engineer"
43,3659030,2,"single","rented","yes","Pudukkottai","Tamil_Nadu",2,13,0,"Computer_hardware_engineer"
73,3902265,5,"single","rented","no","Korba","Chhattisgarh",3,14,0,"Computer_hardware_engineer"
47,6598797,18,"married","rented","no","Gandhinagar","Gujarat",4,11,0,"Computer_hardware_engineer"
69,354766,0,"single","rented","no","Saharanpur","Uttar_Pradesh",0,10,0,"Computer_hardware_engineer"
37,3741722,19,"single","rented","no","Salem","Tamil_Nadu",10,13,0,"Computer_hardware_engineer"
38,1303616,3,"single","rented","no","Raipur","Chhattisgarh",3,13,0,"Computer_hardware_engineer"
24,4658830,11,"single","rented","yes","Amroha","Uttar_Pradesh",8,10,1,"Computer_hardware_engineer"
60,3423010,3,"single","rented","yes","Dehradun","Uttarakhand",3,10,0,"Computer_hardware_engineer"
84,4098399,15,"single","rented","no","Aurangabad","Maharashtra",10,12,0,"Computer_hardware_engineer"
49,7946836,16,"single","rented","no","Pudukkottai","Tamil_Nadu",12,12,0,"Computer_hardware_engineer"
52,5902944,4,"single","rented","no","Gangtok","Sikkim",4,14,0,"Computer_hardware_engineer"
50,9791269,7,"single","rented","no","Asansol","West_Bengal",6,10,0,"Computer_hardware_engineer"
32,3376799,6,"single","rented","no","Moradabad","Uttar_Pradesh",6,13,0,"Computer_hardware_engineer"
11,2624615,4,"single","rented","yes","Vijayawada","Andhra_Pradesh",4,12,0,"Computer_hardware_engineer"
72,452661,17,"married","rented","no","Farrukhabad","Uttar_Pradesh",14,10,0,"Computer_hardware_engineer"
37,6006286,5,"single","rented","yes","Hajipur[31]","Bihar",3,13,0,"Computer_hardware_engineer"
31,1110768,3,"single","rented","no","Bellary","Karnataka",3,11,0,"Computer_hardware_engineer"
74,2711008,1,"single","norent_noown","no","Muzaffarpur","Bihar",1,12,0,"Computer_hardware_engineer"
55,5073397,9,"single","rented","no","Bhind","Madhya_Pradesh",4,12,0,"Computer_hardware_engineer"
73,6006286,5,"single","rented","yes","Hajipur[31]","Bihar",3,13,0,"Computer_hardware_engineer"
47,9791269,7,"single","rented","no","Asansol","West_Bengal",6,10,0,"Computer_hardware_engineer"
32,9849636,20,"single","rented","yes","Sambalpur","Odisha",13,11,0,"Computer_hardware_engineer"
33,4658830,11,"single","rented","yes","Amroha","Uttar_Pradesh",8,10,0,"Computer_hardware_engineer"
43,8769550,13,"single","rented","no","Ghaziabad","Uttar_Pradesh",9,10,0,"Computer_hardware_engineer"
68,2544949,15,"single","rented","no","Amravati","Maharashtra",10,13,0,"Computer_hardware_engineer"
33,2624615,4,"single","rented","yes","Vijayawada","Andhra_Pradesh",4,12,0,"Computer_hardware_engineer"
18,3423478,9,"single","rented","no","Suryapet","Telangana",4,10,1,"Computer_hardware_engineer"
59,6108808,16,"married","rented","no","Panipat","Haryana",3,12,0,"Computer_hardware_engineer"
82,9849636,20,"single","rented","yes","Sambalpur","Odisha",13,11,0,"Computer_hardware_engineer"
54,8671871,1,"single","rented","no","Phusro","Jharkhand",1,11,0,"Computer_hardware_engineer"
46,7651261,4,"single","rented","no","Mau","Uttar_Pradesh",4,11,0,"Computer_hardware_engineer"
47,2711008,1,"single","norent_noown","no","Muzaffarpur","Bihar",1,12,0,"Computer_hardware_engineer"
33,7946836,16,"single","rented","no","Pudukkottai","Tamil_Nadu",12,12,0,"Computer_hardware_engineer"
61,7693539,6,"single","rented","no","Giridih","Jharkhand",5,11,0,"Computer_hardware_engineer"
48,7957694,0,"single","rented","yes","Ratlam","Madhya_Pradesh",0,14,0,"Computer_hardware_engineer"
36,2297128,6,"single","rented","yes","Darbhanga","Bihar",6,13,0,"Computer_hardware_engineer"
41,5122648,14,"single","rented","yes","Maheshtala","West_Bengal",4,10,0,"Computer_hardware_engineer"
34,3573044,17,"single","rented","yes","Miryalaguda","Telangana",8,12,0,"Computer_hardware_engineer"
59,5902944,4,"single","rented","no","Gangtok","Sikkim",4,14,0,"Computer_hardware_engineer"
47,5073397,9,"single","rented","no","Bhind","Madhya_Pradesh",4,12,0,"Computer_hardware_engineer"
35,7134942,20,"single","rented","yes","Raiganj","West_Bengal",11,10,0,"Computer_hardware_engineer"
62,3422262,8,"single","rented","yes","Moradabad","Uttar_Pradesh",8,12,0,"Computer_hardware_engineer"
6,8529345,2,"single","rented","no","Narasaraopet","Andhra_Pradesh",2,10,0,"Computer_hardware_engineer"
47,9849636,20,"single","rented","yes","Sambalpur","Odisha",13,11,0,"Computer_hardware_engineer"
48,9437993,11,"single","owned","no","Firozabad","Uttar_Pradesh",11,14,0,"Computer_hardware_engineer"
57,9341101,18,"single","rented","no","Jamnagar","Gujarat",11,12,0,"Computer_hardware_engineer"
29,7332190,18,"single","rented","yes","Shivpuri","Madhya_Pradesh",10,13,0,"Computer_hardware_engineer"
65,6669730,4,"single","rented","no","Bellary","Karnataka",3,12,0,"Computer_hardware_engineer"
18,5885687,20,"single","rented","no","Silchar","Assam",3,13,0,"Computer_hardware_engineer"
51,749923,5,"single","rented","no","Agartala","Tripura",5,13,0,"Computer_hardware_engineer"
56,8103399,20,"single","rented","no","Bilaspur","Chhattisgarh",13,10,0,"Computer_hardware_engineer"
64,6094306,7,"single","rented","no","Chinsurah","West_Bengal",7,12,0,"Computer_hardware_engineer"
57,483779,5,"single","rented","no","Pune","Maharashtra",5,14,0,"Computer_hardware_engineer"
35,6669896,15,"single","rented","yes","Rampur","Uttar_Pradesh",14,12,0,"Computer_hardware_engineer"
33,2450562,5,"single","rented","yes","Allahabad","Uttar_Pradesh[5]",5,11,0,"Computer_hardware_engineer"
30,2217063,3,"single","rented","no","Chinsurah","West_Bengal",3,11,0,"Computer_hardware_engineer"
42,8492379,16,"single","rented","no","Surendranagar_Dudhrej","Gujarat",14,11,1,"Computer_hardware_engineer"
62,5522159,6,"single","rented","no","Anantapur","Andhra_Pradesh",6,12,1,"Computer_hardware_engineer"
60,1312362,7,"married","rented","no","Parbhani","Maharashtra",7,13,1,"Computer_hardware_engineer"
51,329515,10,"single","rented","no","Dharmavaram","Andhra_Pradesh",4,11,0,"Computer_hardware_engineer"
49,7946836,16,"single","rented","no","Pudukkottai","Tamil_Nadu",12,12,0,"Computer_hardware_engineer"
62,5885687,20,"single","rented","no","Silchar","Assam",3,13,0,"Computer_hardware_engineer"
41,5122648,14,"single","rented","yes","Maheshtala","West_Bengal",4,10,0,"Computer_hardware_engineer"
38,5739138,3,"single","rented","no","Bhatpara","West_Bengal",3,12,0,"Computer_hardware_engineer"
30,7693539,6,"single","rented","no","Giridih","Jharkhand",5,11,0,"Computer_hardware_engineer"
22,8929282,19,"single","rented","no","Mumbai","Maharashtra",3,12,0,"Computer_hardware_engineer"
43,4275801,8,"married","rented","yes","Amritsar","Punjab",3,11,0,"Computer_hardware_engineer"
80,7535330,17,"single","rented","yes","Navi_Mumbai","Maharashtra",5,10,1,"Computer_hardware_engineer"
51,6669730,4,"single","rented","no","Bellary","Karnataka",3,12,0,"Computer_hardware_engineer"
29,3203489,3,"single","rented","yes","Salem","Tamil_Nadu",3,10,1,"Computer_hardware_engineer"
63,4011175,5,"single","rented","yes","Kurnool[18]","Andhra_Pradesh",5,13,0,"Computer_hardware_engineer"
15,2217063,3,"single","rented","no","Chinsurah","West_Bengal",3,11,0,"Computer_hardware_engineer"
44,1868963,16,"single","rented","yes","Khora,_Ghaziabad","Uttar_Pradesh",7,12,0,"Computer_hardware_engineer"
30,3316209,13,"single","rented","no","Jaipur","Rajasthan",13,12,0,"Computer_hardware_engineer"
78,5854256,2,"single","rented","no","Bhusawal","Maharashtra",2,11,0,"Computer_hardware_engineer"
40,2624615,4,"single","rented","yes","Vijayawada","Andhra_Pradesh",4,12,0,"Computer_hardware_engineer"
52,8769550,13,"single","rented","no","Ghaziabad","Uttar_Pradesh",9,10,1,"Computer_hardware_engineer"
58,1312362,7,"married","rented","no","Parbhani","Maharashtra",7,13,1,"Computer_hardware_engineer"
24,9266153,14,"single","rented","no","Dhule","Maharashtra",9,11,0,"Computer_hardware_engineer"
38,4658830,11,"single","rented","yes","Amroha","Uttar_Pradesh",8,10,1,"Computer_hardware_engineer"
75,6669730,4,"single","rented","no","Bellary","Karnataka",3,12,0,"Computer_hardware_engineer"
45,2818900,11,"single","rented","no","Silchar","Assam",10,13,0,"Computer_hardware_engineer"
28,2680507,3,"single","rented","no","Jodhpur","Rajasthan",3,11,1,"Computer_hardware_engineer"
16,7543642,13,"single","rented","no","Korba","Chhattisgarh",9,10,0,"Computer_hardware_engineer"
9,3831479,8,"single","rented","no","Jalna","Maharashtra",8,12,0,"Computer_hardware_engineer"
55,8254211,1,"married","rented","no","Alappuzha","Kerala",1,14,0,"Computer_hardware_engineer"
16,8408602,9,"single","rented","no","Jamshedpur","Jharkhand",3,12,0,"Computer_hardware_engineer"
63,7096097,19,"single","rented","yes","Saharanpur","Uttar_Pradesh",9,11,0,"Computer_hardware_engineer"
24,7093332,3,"single","rented","no","Kozhikode","Kerala",3,14,0,"Computer_hardware_engineer"
56,3269737,4,"single","rented","no","Ramagundam[27]","Telangana",4,12,0,"Computer_hardware_engineer"
43,6732937,11,"single","rented","no","Berhampur","Odisha",9,14,0,"Computer_hardware_engineer"
47,5112334,13,"single","rented","yes","Unnao","Uttar_Pradesh",12,10,0,"Computer_hardware_engineer"
55,9532355,19,"married","rented","no","Baranagar","West_Bengal",8,11,1,"Computer_hardware_engineer"
62,9253718,15,"single","rented","no","Eluru[25]","Andhra_Pradesh",10,14,0,"Computer_hardware_engineer"
61,3465162,19,"single","rented","yes","Ahmednagar","Maharashtra",11,14,0,"Computer_hardware_engineer"
48,7722558,4,"single","norent_noown","no","Amroha","Uttar_Pradesh",4,11,0,"Computer_hardware_engineer"
48,9342449,13,"single","rented","no","Haldia","West_Bengal",9,13,0,"Computer_hardware_engineer"
56,8353034,14,"single","rented","no","Rajahmundry[19][20]","Andhra_Pradesh",12,12,0,"Computer_hardware_engineer"
75,500098,7,"single","rented","yes","Ambarnath","Maharashtra",7,12,0,"Computer_hardware_engineer"
61,2995780,15,"single","rented","yes","Ramgarh","Jharkhand",13,13,0,"Computer_hardware_engineer"
49,2990495,0,"married","rented","no","Bhilai","Chhattisgarh",0,12,0,"Computer_hardware_engineer"
44,2445143,10,"single","rented","no","Purnia[26]","Bihar",10,12,0,"Computer_hardware_engineer"
38,6944603,1,"single","rented","no","Kirari_Suleman_Nagar","Delhi",1,10,0,"Computer_hardware_engineer"
47,9250034,3,"single","rented","no","Faridabad","Haryana",3,12,0,"Computer_hardware_engineer"
41,7869453,7,"single","rented","no","Suryapet","Telangana",7,12,0,"Computer_hardware_engineer"
42,2092598,20,"single","rented","yes","Bardhaman","West_Bengal",3,13,0,"Computer_hardware_engineer"
41,6828373,13,"single","rented","yes","Amaravati","Andhra_Pradesh",3,13,0,"Statistician"
34,6249961,16,"single","rented","yes","Tezpur","Assam",10,11,0,"Statistician"
54,5083653,14,"single","rented","yes","Ambattur","Tamil_Nadu",12,11,0,"Statistician"
61,9978516,5,"single","rented","no","Purnia[26]","Bihar",5,14,0,"Statistician"
47,8011600,7,"single","rented","no","Vellore","Tamil_Nadu",6,12,0,"Statistician"
49,4214367,19,"single","rented","yes","Begusarai","Bihar",14,11,0,"Statistician"
31,2679981,12,"single","rented","no","Chinsurah","West_Bengal",12,11,0,"Statistician"
22,4270219,9,"single","rented","no","Madanapalle","Andhra_Pradesh",4,11,0,"Statistician"
45,3264559,14,"married","rented","no","Bidhannagar","West_Bengal",4,10,1,"Statistician"
29,692845,12,"single","owned","yes","Bhiwandi","Maharashtra",5,10,0,"Statistician"
22,4250194,9,"single","rented","no","Ramagundam[27]","Telangana",8,13,0,"Statistician"
54,4157390,17,"married","rented","no","Siliguri","West_Bengal",12,13,0,"Statistician"
47,9978516,5,"single","rented","no","Purnia[26]","Bihar",5,14,0,"Statistician"
40,9032196,11,"single","rented","yes","Solapur","Maharashtra",11,13,0,"Statistician"
55,7503751,17,"single","rented","no","Adoni","Andhra_Pradesh",8,14,1,"Statistician"
51,8561605,16,"single","rented","no","Bangalore","Karnataka",9,11,0,"Statistician"
55,8325446,1,"single","rented","yes","Bhavnagar","Gujarat",1,13,0,"Statistician"
22,5250888,10,"single","rented","no","Raebareli","Uttar_Pradesh",10,13,0,"Statistician"
45,9978516,5,"single","rented","no","Purnia[26]","Bihar",5,14,0,"Statistician"
58,2151167,2,"single","rented","yes","Nagaon","Assam",2,13,0,"Statistician"
33,1165856,19,"married","rented","yes","Kulti","West_Bengal",7,10,0,"Statistician"
73,8011600,7,"single","rented","no","Vellore","Tamil_Nadu",6,12,0,"Statistician"
63,8305013,0,"single","rented","no","Dehradun","Uttarakhand",0,11,0,"Statistician"
30,5250888,10,"single","rented","no","Raebareli","Uttar_Pradesh",10,13,1,"Statistician"
42,4612685,19,"single","rented","yes","Tiruchirappalli[10]","Tamil_Nadu",8,11,0,"Statistician"
33,3417203,15,"single","rented","no","Shahjahanpur","Uttar_Pradesh",5,13,1,"Statistician"
49,973275,18,"single","rented","no","Eluru[25]","Andhra_Pradesh",3,11,0,"Statistician"
20,4403214,19,"single","rented","no","Jhansi","Uttar_Pradesh",4,12,0,"Statistician"
53,1893495,3,"single","rented","no","Panihati","West_Bengal",3,10,0,"Statistician"
65,7503751,17,"single","rented","no","Adoni","Andhra_Pradesh",8,14,1,"Statistician"
44,2975236,13,"single","rented","yes","Jamalpur[36]","Bihar",12,10,0,"Statistician"
58,2564196,20,"single","rented","no","Siliguri","West_Bengal",10,14,0,"Statistician"
42,1165856,19,"married","rented","yes","Kulti","West_Bengal",7,10,0,"Statistician"
35,5305177,17,"single","rented","no","Etawah","Uttar_Pradesh",9,11,1,"Statistician"
46,7526244,20,"single","rented","no","Jaipur","Rajasthan",13,10,0,"Statistician"
32,8306987,0,"single","rented","no","Thane","Maharashtra",0,12,0,"Statistician"
30,1960045,5,"single","rented","no","Pudukkottai","Tamil_Nadu",5,13,0,"Statistician"
16,1798025,18,"single","rented","no","Malegaon","Maharashtra",10,12,0,"Statistician"
32,2564196,20,"single","rented","no","Siliguri","West_Bengal",10,14,0,"Statistician"
37,692845,12,"single","owned","yes","Bhiwandi","Maharashtra",5,10,0,"Statistician"
36,8305013,0,"single","rented","no","Dehradun","Uttarakhand",0,11,0,"Statistician"
32,9612896,9,"single","rented","yes","Bhimavaram","Andhra_Pradesh",5,14,0,"Statistician"
31,4724398,6,"single","owned","no","Belgaum","Karnataka",3,11,0,"Statistician"
29,5680109,20,"single","rented","no","Indore","Madhya_Pradesh",5,14,0,"Statistician"
52,2564196,20,"single","rented","no","Siliguri","West_Bengal",10,14,0,"Statistician"
95,1703403,1,"single","rented","no","Thanjavur","Tamil_Nadu",1,10,0,"Statistician"
45,8553248,0,"married","rented","yes","Bhilwara","Rajasthan",0,14,0,"Statistician"
44,4270219,9,"single","rented","no","Madanapalle","Andhra_Pradesh",4,11,0,"Statistician"
14,4403214,19,"single","rented","no","Jhansi","Uttar_Pradesh",4,12,0,"Statistician"
58,4214367,19,"single","rented","yes","Begusarai","Bihar",14,11,0,"Statistician"
18,8553248,0,"married","rented","yes","Bhilwara","Rajasthan",0,14,0,"Statistician"
26,7716359,0,"single","rented","no","Udaipur","Rajasthan",0,12,1,"Statistician"
43,6128207,5,"single","owned","no","Kishanganj[35]","Bihar",5,14,0,"Statistician"
44,3983496,1,"single","rented","no","Karawal_Nagar","Delhi",1,12,0,"Statistician"
58,579572,3,"married","rented","yes","Parbhani","Maharashtra",3,10,0,"Statistician"
40,4613668,20,"single","rented","no","Bangalore","Karnataka",4,11,0,"Statistician"
68,9978516,5,"single","rented","no","Purnia[26]","Bihar",5,14,0,"Statistician"
61,4612685,19,"single","rented","yes","Tiruchirappalli[10]","Tamil_Nadu",8,11,0,"Statistician"
52,3264559,14,"married","rented","no","Bidhannagar","West_Bengal",4,10,0,"Statistician"
11,8011600,7,"single","rented","no","Vellore","Tamil_Nadu",6,12,0,"Statistician"
67,7475587,16,"single","rented","yes","Patna","Bihar",7,13,0,"Statistician"
45,9046485,3,"single","rented","yes","Unnao","Uttar_Pradesh",3,12,0,"Statistician"
51,9246446,12,"single","rented","no","Bhagalpur","Bihar",12,12,0,"Statistician"
65,5250888,10,"single","rented","no","Raebareli","Uttar_Pradesh",10,13,0,"Statistician"
42,9820919,1,"single","rented","no","Kulti","West_Bengal",1,13,0,"Statistician"
40,5572727,2,"single","rented","yes","Allahabad","Uttar_Pradesh[5]",2,13,0,"Statistician"
63,5532605,19,"single","owned","no","Baranagar","West_Bengal",6,14,0,"Statistician"
41,7503751,17,"single","rented","no","Adoni","Andhra_Pradesh",8,14,1,"Statistician"
65,2854714,20,"single","rented","no","Bhagalpur","Bihar",7,10,0,"Statistician"
39,2391564,15,"single","rented","yes","Thoothukudi","Tamil_Nadu",5,11,0,"Statistician"
46,8500708,3,"single","rented","no","Belgaum","Karnataka",3,12,0,"Statistician"
52,5680109,20,"single","rented","no","Indore","Madhya_Pradesh",5,14,0,"Statistician"
45,9046485,3,"single","rented","yes","Unnao","Uttar_Pradesh",3,12,0,"Statistician"
71,3451746,20,"single","owned","no","Bettiah[33]","Bihar",6,10,0,"Statistician"
44,3558638,4,"single","owned","no","Bangalore","Karnataka",4,10,0,"Statistician"
27,7802075,18,"single","rented","no","Ambattur","Tamil_Nadu",7,12,0,"Statistician"
35,4214367,19,"single","rented","yes","Begusarai","Bihar",14,11,0,"Statistician"
48,2679981,12,"single","rented","no","Chinsurah","West_Bengal",12,11,0,"Statistician"
38,6128207,5,"single","owned","no","Kishanganj[35]","Bihar",5,14,0,"Statistician"
62,2369392,17,"single","rented","no","Bhusawal","Maharashtra",13,14,0,"Statistician"
96,7503751,17,"single","rented","no","Adoni","Andhra_Pradesh",8,14,0,"Statistician"
49,2975236,13,"single","rented","yes","Jamalpur[36]","Bihar",12,10,0,"Statistician"
23,3520592,7,"single","rented","no","Fatehpur","Uttar_Pradesh",7,14,0,"Statistician"
49,4492240,16,"single","rented","yes","Serampore","West_Bengal",8,13,0,"Statistician"
28,6001312,4,"single","rented","yes","Imphal","Manipur",4,11,0,"Statistician"
64,8757417,5,"single","rented","yes","Jaunpur","Uttar_Pradesh",5,10,0,"Statistician"
32,8803601,4,"single","rented","no","Bijapur","Karnataka",4,11,0,"Statistician"
54,5680109,20,"single","rented","no","Indore","Madhya_Pradesh",5,14,0,"Statistician"
34,782667,11,"single","rented","yes","Surat","Gujarat",11,13,0,"Statistician"
28,1165856,19,"married","rented","yes","Kulti","West_Bengal",7,10,0,"Statistician"
70,9046485,3,"single","rented","yes","Unnao","Uttar_Pradesh",3,12,0,"Statistician"
31,8776828,10,"single","rented","no","Raebareli","Uttar_Pradesh",5,14,0,"Statistician"
30,4157390,17,"married","rented","no","Siliguri","West_Bengal",12,13,0,"Statistician"
53,4717022,12,"single","rented","no","Deoghar","Jharkhand",4,12,0,"Statistician"
41,2780996,4,"single","rented","no","Tadepalligudem","Andhra_Pradesh",4,12,0,"Statistician"
45,7475587,16,"single","rented","yes","Patna","Bihar",7,13,1,"Statistician"
60,6097344,16,"single","rented","yes","Kottayam","Kerala",10,14,0,"Statistician"
48,462698,7,"single","rented","no","Tumkur","Karnataka",5,13,0,"Statistician"
62,9094813,16,"single","rented","no","Nandyal","Andhra_Pradesh",14,11,0,"Statistician"
41,8056937,10,"single","rented","yes","Kottayam","Kerala",10,14,0,"Statistician"
24,3451746,20,"single","owned","no","Bettiah[33]","Bihar",6,10,0,"Statistician"
54,1960045,5,"single","rented","no","Pudukkottai","Tamil_Nadu",5,13,1,"Statistician"
27,1039697,3,"single","rented","no","Cuttack","Odisha",3,14,0,"Statistician"
70,713017,17,"single","rented","yes","Bahraich","Uttar_Pradesh",5,10,0,"Statistician"
69,4250194,9,"single","rented","no","Ramagundam[27]","Telangana",8,13,0,"Statistician"
41,4717022,12,"single","rented","no","Deoghar","Jharkhand",4,12,0,"Statistician"
59,9612896,9,"single","rented","yes","Bhimavaram","Andhra_Pradesh",5,14,0,"Statistician"
59,462698,7,"single","rented","no","Tumkur","Karnataka",5,13,0,"Statistician"
67,4403214,19,"single","rented","no","Jhansi","Uttar_Pradesh",4,12,0,"Statistician"
26,8776828,10,"single","rented","no","Raebareli","Uttar_Pradesh",5,14,0,"Statistician"
58,9955481,13,"single","rented","no","Eluru[25]","Andhra_Pradesh",5,10,0,"Statistician"
63,1960045,5,"single","rented","no","Pudukkottai","Tamil_Nadu",5,13,0,"Statistician"
59,7802075,18,"single","rented","no","Ambattur","Tamil_Nadu",7,12,0,"Statistician"
59,7526244,20,"single","rented","no","Jaipur","Rajasthan",13,10,0,"Statistician"
44,8451500,7,"married","rented","yes","Khandwa","Madhya_Pradesh",7,13,0,"Statistician"
59,3558638,4,"single","owned","no","Bangalore","Karnataka",4,10,0,"Statistician"
-2,6001312,4,"single","rented","yes","Imphal","Manipur",4,11,0,"Statistician"
45,8273281,1,"single","rented","no","Durgapur","West_Bengal",1,12,0,"Statistician"
49,6816106,20,"single","rented","yes","Adoni","Andhra_Pradesh",11,14,0,"Statistician"
57,9112796,5,"single","rented","yes","Haridwar","Uttarakhand",5,12,0,"Statistician"
58,8121180,17,"single","rented","no","Bhopal","Madhya_Pradesh",3,10,0,"Statistician"
49,9046485,3,"single","rented","yes","Unnao","Uttar_Pradesh",3,12,0,"Statistician"
69,5532605,19,"single","owned","no","Baranagar","West_Bengal",6,14,0,"Statistician"
25,1039697,3,"single","rented","no","Cuttack","Odisha",3,14,0,"Statistician"
55,4750625,8,"single","rented","yes","Maheshtala","West_Bengal",4,13,0,"Statistician"
29,8510110,15,"single","rented","no","Ranchi","Jharkhand",13,14,0,"Statistician"
46,1703403,1,"single","rented","no","Thanjavur","Tamil_Nadu",1,10,0,"Statistician"
48,46244,9,"single","rented","no","Ajmer","Rajasthan",8,14,0,"Statistician"
25,4157390,17,"married","rented","no","Siliguri","West_Bengal",12,13,0,"Statistician"
40,4724398,6,"single","owned","no","Belgaum","Karnataka",3,11,0,"Statistician"
40,1893495,3,"single","rented","no","Panihati","West_Bengal",3,10,0,"Statistician"
33,8776828,10,"single","rented","no","Raebareli","Uttar_Pradesh",5,14,0,"Statistician"
42,7306045,7,"single","rented","no","Machilipatnam","Andhra_Pradesh",7,11,0,"Statistician"
3,8121180,17,"single","rented","no","Bhopal","Madhya_Pradesh",3,10,0,"Statistician"
26,8325446,1,"single","rented","yes","Bhavnagar","Gujarat",1,13,0,"Statistician"
51,3867310,20,"single","rented","no","Rajpur_Sonarpur","West_Bengal",7,14,0,"Statistician"
25,5118418,18,"single","rented","no","Phusro","Jharkhand",10,13,1,"Statistician"
42,3558638,4,"single","owned","no","Bangalore","Karnataka",4,10,0,"Statistician"
46,1258437,19,"single","rented","no","Thiruvananthapuram","Kerala",11,11,0,"Statistician"
65,4403214,19,"single","rented","no","Jhansi","Uttar_Pradesh",4,12,0,"Statistician"
50,4181786,12,"single","norent_noown","yes","Korba","Chhattisgarh",4,13,0,"Statistician"
32,4031882,4,"single","rented","yes","Nellore[14][15]","Andhra_Pradesh",4,10,0,"Statistician"
45,46244,9,"single","rented","no","Ajmer","Rajasthan",8,14,0,"Statistician"
42,9955481,13,"single","rented","no","Eluru[25]","Andhra_Pradesh",5,10,0,"Statistician"
52,6816106,20,"single","rented","yes","Adoni","Andhra_Pradesh",11,14,0,"Statistician"
63,8306987,0,"single","rented","no","Thane","Maharashtra",0,12,0,"Statistician"
35,3867310,20,"single","rented","no","Rajpur_Sonarpur","West_Bengal",7,14,0,"Statistician"
38,3132419,9,"single","rented","yes","Baranagar","West_Bengal",8,13,0,"Statistician"
32,1703403,1,"single","rented","no","Thanjavur","Tamil_Nadu",1,10,0,"Statistician"
54,8776828,10,"single","rented","no","Raebareli","Uttar_Pradesh",5,14,0,"Statistician"
41,989024,2,"single","rented","no","Coimbatore","Tamil_Nadu",2,12,0,"Statistician"
59,3562261,7,"single","rented","yes","Hosur","Tamil_Nadu",6,10,0,"Statistician"
21,9807621,7,"married","rented","yes","Karnal","Haryana",7,13,0,"Statistician"
55,877490,9,"single","rented","no","Karawal_Nagar","Delhi",4,12,0,"Statistician"
53,2884465,18,"single","rented","yes","Delhi_city","Delhi",6,12,0,"Statistician"
33,3281612,12,"single","rented","no","Bhubaneswar","Odisha",12,14,0,"Statistician"
21,714087,3,"single","rented","yes","Jaipur","Rajasthan",3,11,1,"Statistician"
48,3231606,20,"single","rented","no","Eluru[25]","Andhra_Pradesh",5,12,0,"Statistician"
4,8980484,0,"single","rented","yes","Sambalpur","Odisha",0,12,0,"Statistician"
14,9012205,18,"married","rented","no","Maheshtala","West_Bengal",3,14,0,"Statistician"
52,3438789,8,"single","rented","no","Kavali","Andhra_Pradesh",7,14,0,"Statistician"
49,2984988,7,"single","rented","yes","Bijapur","Karnataka",7,13,0,"Web_designer"
24,3693362,15,"single","rented","no","Sangli-Miraj_&_Kupwad","Maharashtra",11,10,0,"Web_designer"
25,6088053,9,"single","rented","no","Ahmednagar","Maharashtra",6,12,1,"Web_designer"
52,8743154,15,"single","rented","yes","Eluru[25]","Andhra_Pradesh",10,14,1,"Web_designer"
45,9470213,5,"single","norent_noown","yes","Bidar","Karnataka",5,13,0,"Web_designer"
0,738257,3,"single","norent_noown","no","Siliguri","West_Bengal",3,10,0,"Web_designer"
31,6067257,5,"single","rented","no","Chapra","Bihar",5,13,0,"Web_designer"
20,333219,1,"married","rented","no","Asansol","West_Bengal",1,12,0,"Web_designer"
55,8284308,3,"single","owned","no","Narasaraopet","Andhra_Pradesh",3,12,0,"Web_designer"
67,901466,15,"single","rented","yes","Shivpuri","Madhya_Pradesh",8,13,1,"Web_designer"
71,2822666,0,"single","rented","yes","Ambarnath","Maharashtra",0,11,0,"Web_designer"
40,4826921,5,"single","rented","no","Begusarai","Bihar",5,13,0,"Web_designer"
54,5236105,7,"married","rented","no","Shimla","Himachal_Pradesh",7,13,0,"Web_designer"
39,9127290,11,"single","rented","no","Ghaziabad","Uttar_Pradesh",3,14,1,"Web_designer"
56,4850381,6,"single","rented","no","Hosur","Tamil_Nadu",6,11,0,"Web_designer"
13,2874640,10,"single","rented","no","Vasai-Virar","Maharashtra",9,12,0,"Web_designer"
60,8249799,19,"single","rented","no","Panipat","Haryana",12,10,0,"Web_designer"
40,3770663,5,"single","rented","yes","Coimbatore","Tamil_Nadu",5,12,0,"Web_designer"
89,2822666,0,"single","rented","yes","Ambarnath","Maharashtra",0,11,0,"Web_designer"
56,2375695,17,"married","rented","yes","Jodhpur","Rajasthan",10,12,0,"Web_designer"
27,3346084,18,"single","rented","no","Sambalpur","Odisha",6,13,0,"Web_designer"
58,3696953,17,"single","rented","no","Allahabad","Uttar_Pradesh[5]",4,11,0,"Web_designer"
16,2730986,10,"single","rented","no","Panchkula","Haryana",4,14,0,"Web_designer"
85,9470213,5,"single","norent_noown","yes","Bidar","Karnataka",5,13,0,"Web_designer"
43,2375695,17,"married","rented","yes","Jodhpur","Rajasthan",10,12,0,"Web_designer"
48,5456157,14,"single","rented","no","Salem","Tamil_Nadu",9,14,0,"Web_designer"
37,3984731,1,"single","rented","no","Ulhasnagar","Maharashtra",1,13,0,"Web_designer"
85,8978055,9,"single","rented","no","Sirsa","Haryana",9,14,0,"Web_designer"
28,4871820,12,"single","rented","no","Tiruppur","Tamil_Nadu",10,10,0,"Web_designer"
34,750679,6,"single","owned","no","Pimpri-Chinchwad","Maharashtra",5,13,0,"Web_designer"
50,5921974,3,"married","rented","no","Morbi","Gujarat",3,11,0,"Web_designer"
33,2557545,13,"single","rented","yes","Sangli-Miraj_&_Kupwad","Maharashtra",6,14,1,"Web_designer"
33,4012270,7,"single","rented","yes","Hazaribagh","Jharkhand",7,10,0,"Web_designer"
69,5456157,14,"single","rented","no","Salem","Tamil_Nadu",9,14,0,"Web_designer"
2,9741513,11,"single","owned","yes","North_Dumdum","West_Bengal",10,14,0,"Web_designer"
43,439493,18,"single","rented","no","Proddatur","Andhra_Pradesh",7,10,0,"Web_designer"
29,8364348,8,"single","norent_noown","no","Bhusawal","Maharashtra",5,13,0,"Web_designer"
70,8744579,3,"married","rented","yes","Bikaner","Rajasthan",3,12,0,"Web_designer"
74,3696953,17,"single","rented","no","Allahabad","Uttar_Pradesh[5]",4,11,0,"Web_designer"
43,3853423,12,"single","rented","no","Adoni","Andhra_Pradesh",12,10,0,"Web_designer"
43,3589702,15,"single","rented","no","Dhanbad","Jharkhand",5,13,0,"Web_designer"
25,8743154,15,"single","rented","yes","Eluru[25]","Andhra_Pradesh",10,14,0,"Web_designer"
72,4417164,12,"single","rented","no","Vellore","Tamil_Nadu",8,14,0,"Web_designer"
34,5545675,9,"single","rented","no","Surendranagar_Dudhrej","Gujarat",6,12,0,"Web_designer"
6,901466,15,"single","rented","yes","Shivpuri","Madhya_Pradesh",8,13,1,"Web_designer"
65,3438381,6,"single","rented","no","Khandwa","Madhya_Pradesh",6,12,0,"Web_designer"
58,4054318,3,"single","rented","no","Sangli-Miraj_&_Kupwad","Maharashtra",3,11,0,"Web_designer"
69,156145,7,"single","rented","yes","Haldia","West_Bengal",7,13,1,"Web_designer"
79,3770663,5,"single","rented","yes","Coimbatore","Tamil_Nadu",5,12,0,"Web_designer"
31,6015769,12,"single","rented","no","Navi_Mumbai","Maharashtra",7,14,0,"Web_designer"
44,7792403,8,"single","rented","no","Karaikudi","Tamil_Nadu",3,12,0,"Web_designer"
46,8744579,3,"married","rented","yes","Bikaner","Rajasthan",3,12,0,"Web_designer"
48,7936020,18,"single","rented","no","Sambhal","Uttar_Pradesh",5,12,0,"Web_designer"
40,3780397,18,"single","rented","yes","Amaravati","Andhra_Pradesh",8,12,0,"Web_designer"
24,3693362,15,"single","rented","no","Sangli-Miraj_&_Kupwad","Maharashtra",11,10,0,"Web_designer"
57,6015769,12,"single","rented","no","Navi_Mumbai","Maharashtra",7,14,0,"Web_designer"
40,6028273,6,"single","rented","yes","Meerut","Uttar_Pradesh",6,14,0,"Web_designer"
42,1891120,10,"single","rented","no","Parbhani","Maharashtra",10,11,0,"Web_designer"
74,7970733,7,"single","rented","yes","Ichalkaranji","Maharashtra",7,13,1,"Web_designer"
32,1380488,0,"single","rented","yes","Barasat","West_Bengal",0,13,0,"Web_designer"
57,2460009,9,"single","rented","no","Kottayam","Kerala",6,13,0,"Web_designer"
20,1537266,13,"single","rented","no","Coimbatore","Tamil_Nadu",9,12,0,"Web_designer"
8,3883838,19,"single","rented","no","Chapra","Bihar",13,13,1,"Web_designer"
70,7936020,18,"single","rented","no","Sambhal","Uttar_Pradesh",5,12,0,"Web_designer"
85,6015769,12,"single","rented","no","Navi_Mumbai","Maharashtra",7,14,0,"Web_designer"
49,9741513,11,"single","owned","yes","North_Dumdum","West_Bengal",10,14,0,"Web_designer"
50,1537266,13,"single","rented","no","Coimbatore","Tamil_Nadu",9,12,0,"Web_designer"
25,3309801,19,"single","rented","yes","Gandhinagar","Gujarat",6,11,0,"Web_designer"
30,1776630,5,"married","rented","no","Udupi","Karnataka",5,12,0,"Web_designer"
59,3026361,18,"single","owned","yes","Saharsa[29]","Bihar",13,10,0,"Web_designer"
82,4826921,5,"single","rented","no","Begusarai","Bihar",5,13,0,"Web_designer"
51,5236105,7,"married","rented","no","Shimla","Himachal_Pradesh",7,13,0,"Web_designer"
53,3309801,19,"single","rented","yes","Gandhinagar","Gujarat",6,11,0,"Web_designer"
45,4054318,3,"single","rented","no","Sangli-Miraj_&_Kupwad","Maharashtra",3,11,0,"Web_designer"
50,4570845,3,"single","rented","no","Srinagar","Jammu_and_Kashmir",3,14,0,"Web_designer"
47,283529,20,"single","rented","no","Kurnool[18]","Andhra_Pradesh",9,14,0,"Web_designer"
10,8364348,8,"single","norent_noown","no","Bhusawal","Maharashtra",5,13,0,"Web_designer"
64,3548901,11,"single","rented","yes","Pallavaram","Tamil_Nadu",9,11,0,"Web_designer"
33,3346084,18,"single","rented","no","Sambalpur","Odisha",6,13,0,"Web_designer"
39,9744011,0,"single","rented","yes","Dhule","Maharashtra",0,10,0,"Web_designer"
44,5545675,9,"single","rented","no","Surendranagar_Dudhrej","Gujarat",6,12,0,"Web_designer"
21,2570620,11,"single","rented","no","Gaya","Bihar",10,11,0,"Web_designer"
32,750679,6,"single","owned","no","Pimpri-Chinchwad","Maharashtra",5,13,0,"Web_designer"
39,5467538,19,"single","rented","yes","Barasat","West_Bengal",13,12,0,"Web_designer"
47,4417164,12,"single","rented","no","Vellore","Tamil_Nadu",8,14,0,"Web_designer"
14,7310061,10,"single","rented","no","Chandrapur","Maharashtra",6,11,0,"Web_designer"
41,738257,3,"single","norent_noown","no","Siliguri","West_Bengal",3,10,0,"Web_designer"
19,1591827,13,"single","norent_noown","no","Karawal_Nagar","Delhi",4,12,0,"Web_designer"
49,245102,4,"single","rented","no","Mango","Jharkhand",4,12,1,"Web_designer"
58,8284308,3,"single","owned","no","Narasaraopet","Andhra_Pradesh",3,12,0,"Web_designer"
3,6015769,12,"single","rented","no","Navi_Mumbai","Maharashtra",7,14,0,"Web_designer"
44,9127290,11,"single","rented","no","Ghaziabad","Uttar_Pradesh",3,14,1,"Web_designer"
47,3450249,6,"single","norent_noown","no","Junagadh","Gujarat",6,13,0,"Web_designer"
28,9741513,11,"single","owned","yes","North_Dumdum","West_Bengal",10,14,0,"Web_designer"
22,892655,4,"single","rented","no","Vijayawada","Andhra_Pradesh",4,10,0,"Web_designer"
23,4012270,7,"single","rented","yes","Hazaribagh","Jharkhand",7,10,1,"Web_designer"
39,8808852,16,"single","rented","no","Jhansi","Uttar_Pradesh",3,14,1,"Web_designer"
71,9470213,5,"single","norent_noown","yes","Bidar","Karnataka",5,13,0,"Web_designer"
50,1891120,10,"single","rented","no","Parbhani","Maharashtra",10,11,0,"Web_designer"
57,3853423,12,"single","rented","no","Adoni","Andhra_Pradesh",12,10,0,"Web_designer"
37,9589262,13,"single","rented","no","Bidhannagar","West_Bengal",4,10,0,"Web_designer"
38,2570620,11,"single","rented","no","Gaya","Bihar",10,11,0,"Web_designer"
18,3460548,13,"single","rented","no","Kumbakonam","Tamil_Nadu",5,13,0,"Web_designer"
19,2730986,10,"single","rented","no","Panchkula","Haryana",4,14,0,"Web_designer"
42,4826921,5,"single","rented","no","Begusarai","Bihar",5,13,0,"Web_designer"
43,7440752,10,"single","rented","no","Patna","Bihar",10,11,0,"Web_designer"
63,6754188,2,"single","rented","yes","Mumbai","Maharashtra",2,14,0,"Web_designer"
60,1591827,13,"single","norent_noown","no","Karawal_Nagar","Delhi",4,12,0,"Web_designer"
2,2730986,10,"single","rented","no","Panchkula","Haryana",4,14,0,"Web_designer"
26,7794515,2,"single","rented","no","Kanpur","Uttar_Pradesh",2,11,0,"Web_designer"
40,5439814,12,"married","rented","no","Ratlam","Madhya_Pradesh",12,13,0,"Web_designer"
67,7310061,10,"single","rented","no","Chandrapur","Maharashtra",6,11,0,"Web_designer"
44,7970733,7,"single","rented","yes","Ichalkaranji","Maharashtra",7,13,1,"Web_designer"
41,283529,20,"single","rented","no","Kurnool[18]","Andhra_Pradesh",9,14,0,"Web_designer"
67,2570620,11,"single","rented","no","Gaya","Bihar",10,11,0,"Web_designer"
41,6028273,6,"single","rented","yes","Meerut","Uttar_Pradesh",6,14,0,"Web_designer"
64,156145,7,"single","rented","yes","Haldia","West_Bengal",7,13,1,"Web_designer"
51,3818975,14,"single","rented","no","Mahbubnagar","Telangana",12,10,0,"Web_designer"
59,9744621,14,"single","rented","no","Bellary","Karnataka",11,12,0,"Web_designer"
48,1776630,5,"married","rented","no","Udupi","Karnataka",5,12,0,"Web_designer"
33,6015769,12,"single","rented","no","Navi_Mumbai","Maharashtra",7,14,0,"Web_designer"
48,8840108,10,"married","rented","no","Muzaffarpur","Bihar",6,13,0,"Web_designer"
44,8744579,3,"married","rented","yes","Bikaner","Rajasthan",3,12,0,"Web_designer"
42,4012270,7,"single","rented","yes","Hazaribagh","Jharkhand",7,10,1,"Web_designer"
38,9744621,14,"single","rented","no","Bellary","Karnataka",11,12,0,"Web_designer"
15,5545675,9,"single","rented","no","Surendranagar_Dudhrej","Gujarat",6,12,0,"Web_designer"
29,8986859,3,"single","owned","yes","Ujjain","Madhya_Pradesh",3,14,0,"Web_designer"
16,5921974,3,"married","rented","no","Morbi","Gujarat",3,11,0,"Web_designer"
24,4850381,6,"single","rented","no","Hosur","Tamil_Nadu",6,11,0,"Web_designer"
73,7583437,13,"single","owned","yes","Etawah","Uttar_Pradesh",9,13,0,"Web_designer"
49,2018913,7,"single","rented","yes","Dewas","Madhya_Pradesh",7,13,0,"Web_designer"
53,4012270,7,"single","rented","yes","Hazaribagh","Jharkhand",7,10,0,"Web_designer"
44,1537266,13,"single","rented","no","Coimbatore","Tamil_Nadu",9,12,0,"Web_designer"
62,5236105,7,"married","rented","no","Shimla","Himachal_Pradesh",7,13,0,"Web_designer"
28,1990293,15,"single","rented","no","Nagpur","Maharashtra",4,10,0,"Web_designer"
51,229554,15,"single","rented","no","Ramgarh","Jharkhand",14,11,0,"Web_designer"
68,1776630,5,"married","rented","no","Udupi","Karnataka",5,12,0,"Web_designer"
12,7533165,19,"single","rented","yes","Bhilai","Chhattisgarh",8,12,0,"Web_designer"
50,4570845,3,"single","rented","no","Srinagar","Jammu_and_Kashmir",3,14,0,"Web_designer"
55,2557545,13,"single","rented","yes","Sangli-Miraj_&_Kupwad","Maharashtra",6,14,1,"Web_designer"
3,2730986,10,"single","rented","no","Panchkula","Haryana",4,14,0,"Web_designer"
70,5040214,7,"single","rented","no","Sagar","Madhya_Pradesh",3,11,0,"Web_designer"
74,2822666,0,"single","rented","yes","Ambarnath","Maharashtra",0,11,1,"Web_designer"
47,8364348,8,"single","norent_noown","no","Bhusawal","Maharashtra",5,13,0,"Web_designer"
68,6028273,6,"single","rented","yes","Meerut","Uttar_Pradesh",6,14,0,"Web_designer"
62,6754188,2,"single","rented","yes","Mumbai","Maharashtra",2,14,0,"Web_designer"
59,9282657,17,"single","rented","no","Sonipat","Haryana",3,14,0,"Web_designer"
12,3438381,6,"single","rented","no","Khandwa","Madhya_Pradesh",6,12,0,"Web_designer"
55,7985654,5,"single","rented","no","Nandyal","Andhra_Pradesh",5,14,0,"Web_designer"
57,7462954,2,"single","rented","yes","Munger","Bihar",2,11,0,"Web_designer"
3,3475913,17,"single","rented","no","Kolkata","West_Bengal",4,14,0,"Web_designer"
25,8284308,3,"single","owned","no","Narasaraopet","Andhra_Pradesh",3,12,0,"Web_designer"
38,6720927,17,"single","rented","no","Berhampur","Odisha",5,12,0,"Web_designer"
14,5112961,5,"single","rented","no","Jalna","Maharashtra",3,10,1,"Web_designer"
73,5236105,7,"married","rented","no","Shimla","Himachal_Pradesh",7,13,0,"Web_designer"
40,3931222,5,"single","rented","no","Maheshtala","West_Bengal",5,10,0,"Web_designer"
41,8822336,9,"single","rented","yes","Amritsar","Punjab",9,13,1,"Web_designer"
68,4631926,5,"single","rented","no","Firozabad","Uttar_Pradesh",5,10,0,"Web_designer"
67,6616592,1,"single","rented","no","Jamnagar","Gujarat",1,10,0,"Web_designer"
75,6193404,9,"single","rented","no","Gorakhpur","Uttar_Pradesh",3,14,0,"Web_designer"
41,7952536,14,"single","owned","yes","Nadiad","Gujarat",7,11,0,"Web_designer"
26,3171584,15,"single","rented","no","Loni","Uttar_Pradesh",9,10,1,"Web_designer"
27,4300612,20,"single","rented","no","Gaya","Bihar",14,14,0,"Web_designer"
46,8981218,2,"single","rented","no","Davanagere","Karnataka",2,13,0,"Web_designer"
30,9950344,3,"single","rented","no","Khammam","Telangana",3,13,0,"Web_designer"
42,8071570,18,"married","rented","no","Fatehpur","Uttar_Pradesh",4,13,0,"Web_designer"
53,8891189,20,"single","rented","yes","Shivpuri","Madhya_Pradesh",4,12,0,"Web_designer"
62,7133054,19,"married","rented","no","Kishanganj[35]","Bihar",11,12,0,"Web_designer"
26,8525529,17,"single","rented","no","Sambhal","Uttar_Pradesh",7,10,1,"Web_designer"
39,8684542,16,"single","rented","yes","Jammu[16]","Jammu_and_Kashmir",6,14,0,"Web_designer"
49,2161314,10,"single","rented","no","Kamarhati","West_Bengal",10,11,0,"Web_designer"
53,2057051,6,"single","rented","no","Faridabad","Haryana",6,13,0,"Web_designer"
27,2273496,5,"single","rented","no","Kadapa[23]","Andhra_Pradesh",5,10,0,"Web_designer"
18,5849185,13,"single","rented","no","Dehradun","Uttarakhand",13,11,0,"Web_designer"
38,2101551,9,"single","rented","no","Coimbatore","Tamil_Nadu",9,13,0,"Web_designer"
21,2345071,10,"single","rented","no","Bidhannagar","West_Bengal",10,11,0,"Web_designer"
34,1921363,15,"single","rented","no","Bihar_Sharif","Bihar",13,14,0,"Web_designer"
68,6534944,16,"single","owned","yes","Mau","Uttar_Pradesh",6,13,0,"Web_designer"
27,2304926,12,"single","owned","no","Madanapalle","Andhra_Pradesh",3,11,1,"Web_designer"
28,2857066,14,"single","rented","yes","Malda","West_Bengal",11,12,0,"Web_designer"
53,87524,18,"single","rented","no","Jodhpur","Rajasthan",11,12,0,"Web_designer"
29,4066250,11,"married","rented","no","Vellore","Tamil_Nadu",11,13,0,"Web_designer"
76,9027530,13,"single","rented","yes","Chandrapur","Maharashtra",6,10,0,"Web_designer"
69,8845185,16,"married","rented","yes","Mangalore","Karnataka",6,14,1,"Web_designer"
54,1057536,19,"single","rented","yes","Rewa","Madhya_Pradesh",10,10,1,"Web_designer"
17,6319064,13,"single","rented","yes","Ongole","Andhra_Pradesh",11,12,0,"Civil_engineer"
84,5639383,5,"single","rented","no","Sonipat","Haryana",4,12,1,"Civil_engineer"
24,7736608,18,"single","rented","yes","Kota[6]","Rajasthan",3,13,0,"Civil_engineer"
39,9287205,9,"single","norent_noown","no","Mirzapur","Uttar_Pradesh",8,11,0,"Civil_engineer"
48,5687470,13,"married","rented","yes","Khora,_Ghaziabad","Uttar_Pradesh",13,14,0,"Civil_engineer"
3,6198507,14,"single","rented","no","Surendranagar_Dudhrej","Gujarat",12,13,0,"Civil_engineer"
52,4432896,14,"single","rented","no","Kavali","Andhra_Pradesh",13,14,1,"Civil_engineer"
44,1591909,17,"married","rented","no","Ballia","Uttar_Pradesh",4,12,0,"Civil_engineer"
58,7985754,8,"single","rented","no","Tirunelveli","Tamil_Nadu",6,14,0,"Civil_engineer"
30,3595993,6,"single","rented","no","Ujjain","Madhya_Pradesh",6,14,0,"Civil_engineer"
41,1816526,13,"single","rented","yes","Jorhat","Assam",12,11,0,"Civil_engineer"
29,6198507,14,"single","rented","no","Surendranagar_Dudhrej","Gujarat",12,13,0,"Civil_engineer"
23,3662229,0,"single","rented","no","Buxar[37]","Bihar",0,14,0,"Civil_engineer"
43,5131419,2,"single","rented","no","Varanasi","Uttar_Pradesh",2,10,1,"Civil_engineer"
13,9279566,14,"single","rented","yes","Nagercoil","Tamil_Nadu",7,12,0,"Civil_engineer"
57,3727264,15,"single","owned","no","Kirari_Suleman_Nagar","Delhi",10,10,0,"Civil_engineer"
58,241556,14,"single","rented","no","Durg","Chhattisgarh",10,11,0,"Civil_engineer"
62,7736608,18,"single","rented","yes","Kota[6]","Rajasthan",3,13,0,"Civil_engineer"
52,5653642,3,"single","rented","no","Mumbai","Maharashtra",3,11,1,"Civil_engineer"
92,1411158,11,"single","owned","yes","Hospet","Karnataka",6,13,0,"Civil_engineer"
60,702863,10,"single","rented","no","Orai","Uttar_Pradesh",9,14,0,"Civil_engineer"
32,4005758,11,"single","rented","yes","Pondicherry","Puducherry",7,12,0,"Civil_engineer"
52,9275320,12,"single","rented","no","Bhiwandi","Maharashtra",3,13,1,"Civil_engineer"
80,1591909,17,"married","rented","no","Ballia","Uttar_Pradesh",4,12,0,"Civil_engineer"
41,8497267,6,"single","rented","no","Madanapalle","Andhra_Pradesh",6,12,1,"Civil_engineer"
54,954408,8,"single","rented","yes","Proddatur","Andhra_Pradesh",8,13,0,"Civil_engineer"
77,241556,14,"single","rented","no","Durg","Chhattisgarh",10,11,0,"Civil_engineer"
56,6198507,14,"single","rented","no","Surendranagar_Dudhrej","Gujarat",12,13,0,"Civil_engineer"
65,7645788,17,"single","rented","yes","Pudukkottai","Tamil_Nadu",13,14,0,"Civil_engineer"
37,9279566,14,"single","rented","yes","Nagercoil","Tamil_Nadu",7,12,0,"Civil_engineer"
49,1871961,4,"single","rented","no","Dindigul","Tamil_Nadu",4,11,0,"Civil_engineer"
43,4246856,0,"single","rented","yes","Ahmedabad","Gujarat",0,10,0,"Civil_engineer"
50,7359576,17,"single","owned","no","Chandrapur","Maharashtra",14,14,0,"Civil_engineer"
25,1744080,14,"single","rented","yes","Nagaon","Assam",12,13,0,"Civil_engineer"
29,2603139,3,"married","rented","no","Aizawl","Mizoram",3,11,0,"Civil_engineer"
50,8692332,3,"single","rented","no","Warangal[11][12]","Telangana",3,13,0,"Civil_engineer"
43,2309662,12,"single","owned","no","Bilaspur","Chhattisgarh",10,11,0,"Civil_engineer"
60,3338595,15,"single","rented","no","Tezpur","Assam",4,10,1,"Civil_engineer"
44,8785845,8,"single","rented","no","Jodhpur","Rajasthan",6,14,1,"Civil_engineer"
44,4925213,10,"single","norent_noown","yes","Hapur","Uttar_Pradesh",6,10,0,"Civil_engineer"
39,6653271,11,"single","rented","no","Kochi","Kerala",11,10,1,"Civil_engineer"
37,76353,6,"single","rented","yes","Kalyan-Dombivli","Maharashtra",6,13,1,"Civil_engineer"
53,659529,10,"single","rented","no","Srinagar","Jammu_and_Kashmir",8,10,0,"Civil_engineer"
46,6497883,15,"single","rented","no","Nanded","Maharashtra",9,11,0,"Civil_engineer"
77,7985754,8,"single","rented","no","Tirunelveli","Tamil_Nadu",6,14,0,"Civil_engineer"
30,6653271,11,"single","rented","no","Kochi","Kerala",11,10,0,"Civil_engineer"
24,2267970,5,"single","rented","no","Hindupur","Andhra_Pradesh",5,10,0,"Civil_engineer"
57,3595993,6,"single","rented","no","Ujjain","Madhya_Pradesh",6,14,0,"Civil_engineer"
37,7645788,17,"single","rented","yes","Pudukkottai","Tamil_Nadu",13,14,0,"Civil_engineer"
57,1871961,4,"single","rented","no","Dindigul","Tamil_Nadu",4,11,0,"Civil_engineer"
42,2431771,10,"married","rented","no","Muzaffarnagar","Uttar_Pradesh",10,12,0,"Civil_engineer"
39,1737928,8,"single","rented","no","Suryapet","Telangana",8,10,0,"Civil_engineer"
59,6751385,9,"single","rented","no","Uluberia","West_Bengal",9,12,0,"Civil_engineer"
41,4065331,14,"single","rented","no","Pune","Maharashtra",9,14,0,"Civil_engineer"
55,1678997,20,"single","rented","no","Uluberia","West_Bengal",12,13,1,"Civil_engineer"
55,6105581,14,"single","rented","no","Bareilly","Uttar_Pradesh",3,13,0,"Civil_engineer"
53,4804143,16,"single","rented","yes","Bhatpara","West_Bengal",8,11,0,"Civil_engineer"
52,2737450,14,"single","rented","yes","Mira-Bhayandar","Maharashtra",14,13,0,"Civil_engineer"
68,7736608,18,"single","rented","yes","Kota[6]","Rajasthan",3,13,0,"Civil_engineer"
69,7552268,6,"single","rented","no","Berhampore","West_Bengal",5,10,1,"Civil_engineer"
66,6497883,15,"single","rented","no","Nanded","Maharashtra",9,11,0,"Civil_engineer"
79,8497267,6,"single","rented","no","Madanapalle","Andhra_Pradesh",6,12,1,"Civil_engineer"
38,7985754,8,"single","rented","no","Tirunelveli","Tamil_Nadu",6,14,0,"Civil_engineer"
56,1255635,10,"single","rented","no","Raurkela_Industrial_Township","Odisha",10,14,0,"Civil_engineer"
32,8485097,18,"single","owned","no","Gwalior","Madhya_Pradesh",11,14,0,"Civil_engineer"
14,4277458,8,"single","rented","no","Kumbakonam","Tamil_Nadu",8,11,0,"Civil_engineer"
38,2740278,4,"single","rented","no","Thane","Maharashtra",4,10,0,"Civil_engineer"
37,7231280,0,"single","rented","yes","Bareilly","Uttar_Pradesh",0,10,0,"Civil_engineer"
56,9758182,9,"single","rented","no","Chennai","Tamil_Nadu",7,11,0,"Civil_engineer"
43,2707807,12,"single","rented","no","Ambarnath","Maharashtra",4,13,0,"Civil_engineer"
58,9979065,8,"single","rented","yes","Parbhani","Maharashtra",8,13,0,"Civil_engineer"
56,8692332,3,"single","rented","no","Warangal[11][12]","Telangana",3,13,0,"Civil_engineer"
55,9758182,9,"single","rented","no","Chennai","Tamil_Nadu",7,11,0,"Civil_engineer"
32,1382869,8,"single","rented","no","Rajahmundry[19][20]","Andhra_Pradesh",8,12,0,"Civil_engineer"
62,5653642,3,"single","rented","no","Mumbai","Maharashtra",3,11,0,"Civil_engineer"
44,7231280,0,"single","rented","yes","Bareilly","Uttar_Pradesh",0,10,0,"Civil_engineer"
39,6474681,6,"single","rented","no","Mumbai","Maharashtra",6,10,0,"Civil_engineer"
44,3727264,15,"single","owned","no","Kirari_Suleman_Nagar","Delhi",10,10,0,"Civil_engineer"
33,7736608,18,"single","rented","yes","Kota[6]","Rajasthan",3,13,0,"Civil_engineer"
47,5062611,12,"single","rented","no","Anantapuram[24]","Andhra_Pradesh",3,11,0,"Civil_engineer"
25,1139981,12,"single","rented","no","Ambattur","Tamil_Nadu",12,12,1,"Civil_engineer"
26,9275320,12,"single","rented","no","Bhiwandi","Maharashtra",3,13,1,"Civil_engineer"
30,4065331,14,"single","rented","no","Pune","Maharashtra",9,14,0,"Civil_engineer"
42,7552268,6,"single","rented","no","Berhampore","West_Bengal",5,10,0,"Civil_engineer"
37,8785845,8,"single","rented","no","Jodhpur","Rajasthan",6,14,0,"Civil_engineer"
43,1815884,19,"single","rented","yes","Pune","Maharashtra",9,10,0,"Civil_engineer"
64,1737928,8,"single","rented","no","Suryapet","Telangana",8,10,0,"Civil_engineer"
38,64404,18,"married","rented","no","Machilipatnam","Andhra_Pradesh",3,14,0,"Civil_engineer"
30,4065331,14,"single","rented","no","Pune","Maharashtra",9,14,0,"Civil_engineer"
48,1255635,10,"single","rented","no","Raurkela_Industrial_Township","Odisha",10,14,0,"Civil_engineer"
74,2585890,2,"single","rented","no","Jodhpur","Rajasthan",2,14,0,"Civil_engineer"
92,520254,3,"single","rented","no","Vellore","Tamil_Nadu",3,10,0,"Civil_engineer"
47,3662229,0,"single","rented","no","Buxar[37]","Bihar",0,14,0,"Civil_engineer"
38,4005758,11,"single","rented","yes","Pondicherry","Puducherry",7,12,0,"Civil_engineer"
41,4314402,12,"single","rented","no","Guntakal","Andhra_Pradesh",11,12,0,"Civil_engineer"
72,1086347,10,"single","rented","yes","Eluru[25]","Andhra_Pradesh",10,10,0,"Civil_engineer"
41,5323322,13,"single","rented","no","Bangalore","Karnataka",13,10,0,"Civil_engineer"
51,9758182,9,"single","rented","no","Chennai","Tamil_Nadu",7,11,0,"Civil_engineer"
68,6889369,9,"single","rented","no","Jaunpur","Uttar_Pradesh",4,12,0,"Civil_engineer"
61,2585890,2,"single","rented","no","Jodhpur","Rajasthan",2,14,0,"Civil_engineer"
45,6161265,8,"single","rented","yes","Malda","West_Bengal",4,10,0,"Civil_engineer"
31,4039406,15,"married","rented","no","Machilipatnam","Andhra_Pradesh",5,10,0,"Civil_engineer"
39,5687470,13,"married","rented","yes","Khora,_Ghaziabad","Uttar_Pradesh",13,14,0,"Civil_engineer"
46,954408,8,"single","rented","yes","Proddatur","Andhra_Pradesh",8,13,0,"Civil_engineer"
73,1815884,19,"single","rented","yes","Pune","Maharashtra",9,10,0,"Civil_engineer"
49,2309662,12,"single","owned","no","Bilaspur","Chhattisgarh",10,11,0,"Civil_engineer"
67,5098333,0,"single","rented","yes","Phagwara","Punjab",0,11,0,"Civil_engineer"
57,5687470,13,"married","rented","yes","Khora,_Ghaziabad","Uttar_Pradesh",13,14,0,"Civil_engineer"
57,7736608,18,"single","rented","yes","Kota[6]","Rajasthan",3,13,0,"Civil_engineer"
47,5041519,18,"married","rented","no","Jodhpur","Rajasthan",10,13,0,"Civil_engineer"
52,520254,3,"single","rented","no","Vellore","Tamil_Nadu",3,10,0,"Civil_engineer"
36,6198507,14,"single","rented","no","Surendranagar_Dudhrej","Gujarat",12,13,0,"Civil_engineer"
49,6161265,8,"single","rented","yes","Malda","West_Bengal",4,10,0,"Civil_engineer"
52,1769969,3,"single","rented","yes","Davanagere","Karnataka",3,11,0,"Civil_engineer"
56,2412895,13,"single","rented","no","Anand","Gujarat",4,13,0,"Civil_engineer"
48,6894008,3,"married","rented","no","Aizawl","Mizoram",3,12,1,"Civil_engineer"
46,64404,18,"married","rented","no","Machilipatnam","Andhra_Pradesh",3,14,0,"Civil_engineer"
41,8574834,12,"married","rented","no","Bahraich","Uttar_Pradesh",12,11,0,"Civil_engineer"
41,4246856,0,"single","rented","yes","Ahmedabad","Gujarat",0,10,1,"Civil_engineer"
50,520254,3,"single","rented","no","Vellore","Tamil_Nadu",3,10,0,"Civil_engineer"
60,2603139,3,"married","rented","no","Aizawl","Mizoram",3,11,0,"Civil_engineer"
55,6130465,16,"single","rented","no","Sonipat","Haryana",3,11,0,"Civil_engineer"
70,7840891,9,"married","rented","yes","Silchar","Assam",6,14,0,"Civil_engineer"
39,2707807,12,"single","rented","no","Ambarnath","Maharashtra",4,13,0,"Civil_engineer"
16,6161265,8,"single","rented","yes","Malda","West_Bengal",4,10,0,"Civil_engineer"
49,6889369,9,"single","rented","no","Jaunpur","Uttar_Pradesh",4,12,0,"Civil_engineer"
62,1591909,17,"married","rented","no","Ballia","Uttar_Pradesh",4,12,0,"Civil_engineer"
35,8553255,12,"single","norent_noown","no","Bally","West_Bengal",12,10,0,"Civil_engineer"
47,8485097,18,"single","owned","no","Gwalior","Madhya_Pradesh",11,14,0,"Civil_engineer"
62,6653271,11,"single","rented","no","Kochi","Kerala",11,10,0,"Civil_engineer"
58,2412895,13,"single","rented","no","Anand","Gujarat",4,13,0,"Civil_engineer"
23,7645788,17,"single","rented","yes","Pudukkottai","Tamil_Nadu",13,14,0,"Civil_engineer"
53,9275320,12,"single","rented","no","Bhiwandi","Maharashtra",3,13,1,"Civil_engineer"
52,5743908,19,"single","rented","yes","Anand","Gujarat",7,14,0,"Civil_engineer"
37,8856107,20,"single","rented","no","Panchkula","Haryana",8,12,0,"Civil_engineer"
49,4804143,16,"single","rented","yes","Bhatpara","West_Bengal",8,11,0,"Civil_engineer"
47,8485097,18,"single","owned","no","Gwalior","Madhya_Pradesh",11,14,0,"Civil_engineer"
40,8316469,11,"single","rented","no","Imphal","Manipur",5,10,0,"Civil_engineer"
54,1411158,11,"single","owned","yes","Hospet","Karnataka",6,13,0,"Civil_engineer"
62,7985754,8,"single","rented","no","Tirunelveli","Tamil_Nadu",6,14,0,"Civil_engineer"
66,2585890,2,"single","rented","no","Jodhpur","Rajasthan",2,14,0,"Civil_engineer"
41,6198507,14,"single","rented","no","Surendranagar_Dudhrej","Gujarat",12,13,0,"Civil_engineer"
31,1139981,12,"single","rented","no","Ambattur","Tamil_Nadu",12,12,1,"Civil_engineer"
24,6894008,3,"married","rented","no","Aizawl","Mizoram",3,12,1,"Civil_engineer"
38,8785845,8,"single","rented","no","Jodhpur","Rajasthan",6,14,1,"Civil_engineer"
36,5041519,18,"married","rented","no","Jodhpur","Rajasthan",10,13,0,"Civil_engineer"
51,6170682,4,"single","rented","no","Srikakulam","Andhra_Pradesh",4,11,1,"Civil_engineer"
57,361782,16,"single","rented","no","Kochi","Kerala",14,11,1,"Civil_engineer"
5,3676956,13,"single","rented","no","Chinsurah","West_Bengal",13,13,0,"Civil_engineer"
64,2423221,12,"single","rented","no","Sikar","Rajasthan",7,13,0,"Civil_engineer"
61,6931334,18,"single","rented","no","Khora,_Ghaziabad","Uttar_Pradesh",13,12,0,"Civil_engineer"
34,7774716,15,"single","rented","no","Jamalpur[36]","Bihar",4,10,0,"Civil_engineer"
65,9200827,13,"single","rented","no","Patna","Bihar",11,10,0,"Civil_engineer"
54,2878319,0,"single","rented","no","Nagercoil","Tamil_Nadu",0,12,1,"Civil_engineer"
30,6081248,20,"single","rented","yes","Pudukkottai","Tamil_Nadu",14,12,0,"Civil_engineer"
38,2299045,10,"single","rented","yes","Gorakhpur","Uttar_Pradesh",8,13,0,"Civil_engineer"
51,9992141,3,"single","rented","no","Ambala","Haryana",3,13,0,"Civil_engineer"
51,271020,10,"single","owned","no","Srinagar","Jammu_and_Kashmir",10,12,0,"Civil_engineer"
52,8502157,7,"single","rented","no","Durg","Chhattisgarh",6,14,0,"Civil_engineer"
39,3775301,10,"single","rented","yes","Arrah","Bihar",10,11,0,"Civil_engineer"
75,263981,2,"single","rented","no","Nanded","Maharashtra",2,11,0,"Civil_engineer"
70,3359681,2,"single","rented","no","Indore","Madhya_Pradesh",2,14,0,"Civil_engineer"
37,3367540,12,"married","rented","no","Raebareli","Uttar_Pradesh",4,13,0,"Civil_engineer"
47,2820731,17,"single","rented","no","Loni","Uttar_Pradesh",12,14,0,"Civil_engineer"
23,7199546,0,"single","rented","yes","Navi_Mumbai","Maharashtra",0,10,0,"Civil_engineer"
39,7276765,9,"married","rented","no","Bally","West_Bengal",9,14,0,"Civil_engineer"
16,4688921,10,"single","rented","no","Parbhani","Maharashtra",3,11,0,"Civil_engineer"
49,2413822,6,"single","rented","no","Nagpur","Maharashtra",6,11,0,"Civil_engineer"
59,1297563,4,"single","rented","no","Coimbatore","Tamil_Nadu",4,11,0,"Civil_engineer"
79,4639416,6,"single","rented","no","Thrissur","Kerala",5,14,0,"Civil_engineer"
39,5330447,10,"single","rented","yes","Asansol","West_Bengal",10,14,0,"Civil_engineer"
49,2345542,0,"single","owned","no","Hospet","Karnataka",0,14,0,"Civil_engineer"
